"SLNO","Ward","Block","Street","AS PER FIELD"
"1","1.WARD 1","1.BLOCK1","11.1st Main Road","New Sayyji Rao Road"
"2","1.WARD 1","1.BLOCK1","17.Chamaraj Double road","Chamaraj Double Road"
"3","1.WARD 1","1.BLOCK1","154.Town Hall Road","Town Hall Road"
"4","1.WARD 1","2.BLOCK 2","11.New Sayyaji rao road","New Sayyji Rao Road"
"5","1.WARD 1","2.BLOCK 2","17.Chamaraj Double road","Chamaraj Double Road"
"6","1.WARD 1","2.BLOCK 2","26.Ramavilas road","Ramavilas Road"
"7","1.WARD 1","2.BLOCK 2","149.Ramavilas road to Chamaraj Double road","Cheluvamba Agrahara (2nd Cross Ramavilas)"
"8","1.WARD 1","2.BLOCK 2","501.1st Main road","Banumaiah Road"
"9","1.WARD 1","2.BLOCK 2","502.1st A Main road","Banumaiah Road"
"10","1.WARD 1","2.BLOCK 2","503.2nd Main road","1st Cross Veenesheshanna Road"
"11","1.WARD 1","2.BLOCK 2","504.3rd Main road","Veenesheshanna Road 2nd Cross Road"
"12","1.WARD 1","2.BLOCK 2","505.4th A Main road","Agrahara K N Agrahara"
"13","1.WARD 1","2.BLOCK 2","506.4th Main road","Veenesheshanna Road"
"14","1.WARD 1","2.BLOCK 2","507.5th Main road","K N Agrahara"
"15","1.WARD 1","2.BLOCK 2","509.5th B Main road","Togari Bidi"
"16","1.WARD 1","2.BLOCK 2","510.6th Main road","Togari Bidi"
"17","1.WARD 1","2.BLOCK 2","512.6th B Main road","Togari Bidi"
"18","1.WARD 1","2.BLOCK 2","513.7th Main road","Veenesheshanna Road 5th Cross Road"
"19","1.WARD 1","2.BLOCK 2","514.8th Main road","Devamba Agrahara Veenesheshanna Road 6th Cross Keshethraiah Road"
"20","1.WARD 1","2.BLOCK 2","516.9th Main road","Devamba Agrahara"
"21","1.WARD 1","2.BLOCK 2","517.9th A Main road","Keshethraiah Road"
"22","1.WARD 1","2.BLOCK 2","518.A Cross road","Cheluvamba Agrahara Galli"
"23","1.WARD 1","2.BLOCK 2","519.B Cross road","Devamba Agrahara Galli"
"24","1.WARD 1","2.BLOCK 2","520.1st Cross Road","Keshethraiah Road"
"25","1.WARD 1","2.BLOCK 2","521.1st A Cross","Keshethraiah Road"
"26","1.WARD 1","2.BLOCK 2","522.2nd Cross","Togari Bidi (Totada Hatti Road)"
"27","1.WARD 1","2.BLOCK 2","523.3rd Cross","2nd Cross Banumaiah Road"
"28","1.WARD 1","2.BLOCK 2","524.6th Cross Road","3rd Cross Banumaiah Road"
"29","1.WARD 1","2.BLOCK 2","525.5th Cross","4th Cross Banumaiah Road"
"30","1.WARD 1","2.BLOCK 2","526.6th Cross","Veenesheshanna Road"
"31","1.WARD 1","2.BLOCK 2","530.8th Cross","Veenesheshanna Road"
"32","1.WARD 1","2.BLOCK 2","531.9th Cross","Devamba Agrahara Main 5th cross 6th CrossVeenesheshanna Road"
"33","1.WARD 1","3.BLOCK 3","17.Chamaraja Double road","Chamaraj Double Road"
"34","1.WARD 1","3.BLOCK 3","23.Ramanuja road","Ramanuja Road"
"35","1.WARD 1","3.BLOCK 3","112.Utharadi Matt road East","Shankarmata Road 3rd Cross"
"36","1.WARD 1","3.BLOCK 3","113.Uttaradhi Matt west road","Uttaradhimata West 4th Cross 5th Cross"
"37","1.WARD 1","3.BLOCK 3","532.1st Main","Harischandra Road"
"38","1.WARD 1","3.BLOCK 3","533.2nd Main","Shankar Matt Road"
"39","1.WARD 1","3.BLOCK 3","534.3rd Main","Uttaradhimata East 4th Cross 5th Cross"
"40","1.WARD 1","3.BLOCK 3","535.4th Main road","Uttaradhimata Main Road"
"41","1.WARD 1","3.BLOCK 3","536.5th Main road","Uttaradhimata East1st Cross"
"42","1.WARD 1","3.BLOCK 3","538.2nd Cross road","Uttaradhimata East1st Cross"
"43","1.WARD 1","3.BLOCK 3","539.3rd Cross road","1st Cross Uttaradhi Matt Road"
"44","1.WARD 1","3.BLOCK 3","540.4th Cross","Uttaradhimata West 2nd Cross"
"45","1.WARD 1","3.BLOCK 3","541.4th A Cross road","Shankarmata 1st Cross"
"46","1.WARD 1","3.BLOCK 3","542.5th Cross road","Uttaradhimata West 3rd Cross"
"47","1.WARD 1","3.BLOCK 3","543.6th Cross road","Uttaradhimata West 2nd Cross ( S N Pandith Galli )"
"48","1.WARD 1","3.BLOCK 3","545.8th Cross road","Sriram Road 4th Cross"
"49","1.WARD 1","3.BLOCK 3","546.8th A Cross","2nd Cross Shankaramata"
"50","1.WARD 1","3.BLOCK 3","547.9th Cross road","Uttaradhimata 3rd Cross"
"51","1.WARD 1","3.BLOCK 3","548.10th Cross Road","Uttaradhimata 4th Cross"
"52","1.WARD 1","3.BLOCK 3","550.12th Cross Road","Uttaradhimata West 4th Cross"
"53","1.WARD 1","3.BLOCK 3","566.6th A Cross Road","Ramanuja Road 3rd Cross Road"
"54","1.WARD 1","3.BLOCK 3","567.6th B Cross Road","Shankarmata 1st Cross & 2nd Cross"
"55","1.WARD 1","3.BLOCK 3","568.4th A Main Road","S. N Pandith Galli"
"56","1.WARD 1","4.BLOCK 4","2.Vani Vilas Road","Vanivilas Road"
"57","1.WARD 1","4.BLOCK 4","11.New Sayyaji Rao Road South","New Sayyaji Rao Road"
"58","1.WARD 1","4.BLOCK 4","17.Chamaraja Double Road","Chamaraja Double Road"
"59","1.WARD 1","4.BLOCK 4","23.Ramanuja Road","Ramanuja Road"
"60","1.WARD 1","4.BLOCK 4","551.1st Main Road","2nd Cross Ramanuja Road Galli"
"61","1.WARD 1","4.BLOCK 4","552.2nd Main Road","Tallurumath Road"
"62","1.WARD 1","4.BLOCK 4","553.3rd Main Road","Gurukara Devanna Road"
"63","1.WARD 1","4.BLOCK 4","556.2nd Cross Road","Ramanuja Road 1st Cross Galli"
"64","1.WARD 1","4.BLOCK 4","557.3rd Cross Road","1st Cross New Sayyji Rao Road Deeviranna Agrahara"
"65","1.WARD 1","4.BLOCK 4","558.4th Cross Road","Ramanuja Road 1st Cross Gurukara Devanna 1st Cross"
"66","1.WARD 1","4.BLOCK 4","559.5th Cross Road","2nd Cross Ramanuja"
"67","1.WARD 1","4.BLOCK 4","560.6th Cross Road","3rd Cross Ramanuja Road"
"68","1.WARD 1","4.BLOCK 4","561.7th Cross Road","Gurukara Devanna Road"
"69","1.WARD 1","4.BLOCK 4","562.7th A Cross Road","Veeneshamanna Road 2nd Cross"
"70","1.WARD 1","4.BLOCK 4","563.8th Cross Road","Veeneshamanna Road 1st Cross"
"71","1.WARD 1","4.BLOCK 4","564.9th Cross Road","Veeneshamanna Road"
"72","2.WARD 2","1.BLOCK 1","2.Mahatma Gandi Road","Vanivilas Road"
"73","2.WARD 2","1.BLOCK 1","11.New Sayyaji Rao Road","New Sayyaji Rao Road"
"74","2.WARD 2","1.BLOCK 1","17.Chamaraja Double Road","Chamaraja Double Road"
"75","2.WARD 2","1.BLOCK 1","102.Nala Street","Nala Beedi"
"76","2.WARD 2","1.BLOCK 1","501.A Main Road","Kumar Swamy Galli"
"77","2.WARD 2","1.BLOCK 1","502.B main Road","Thyagaraja Road Conservancy Galli 5th Cross"
"78","2.WARD 2","1.BLOCK 1","503.1st Main Road","Thyagaraja Main Road"
"79","2.WARD 2","1.BLOCK 1","504.1st A Main Road","Thyagaraja Road 6th Cross (Conservancy )"
"80","2.WARD 2","1.BLOCK 1","505.1st B Main Road","Thyagaraja Road 8th Cross"
"81","2.WARD 2","1.BLOCK 1","506.1st C Main Road","Thyagaraja Road 7th Cross (Conservancy )"
"82","2.WARD 2","1.BLOCK 1","507.1st D Main Road","Navagraha Temple Road"
"83","2.WARD 2","1.BLOCK 1","509.2nd Main Road Renuka Charya Road","Renuka Charya Temple Road"
"84","2.WARD 2","1.BLOCK 1","510.2nd A Main Road","Bahakshi Basappaji Laya ( B.B. Laya Road )"
"85","2.WARD 2","1.BLOCK 1","511.3rd Main Road","Kashipathi Agrahara 1st Cross"
"86","2.WARD 2","1.BLOCK 1","512.4th Main Road","Kashipathi Agrahara 1st Cross"
"87","2.WARD 2","1.BLOCK 1","531.A Cross Road","Kashipathi Agrahara 1st Cross"
"88","2.WARD 2","1.BLOCK 1","532.1st Cross Road","Thyagaraja Road 1st Cross"
"89","2.WARD 2","1.BLOCK 1","533.2nd Cross Road","Thyagaraja Road 2nd Cross"
"90","2.WARD 2","1.BLOCK 1","534.1st A Cross Road","Kashipathi Agrahara"
"91","2.WARD 2","1.BLOCK 1","535.2nd A Cross Road","2nd Cross Kathawadipura Agrahara ( Behind Lakshmi Theatre)"
"92","2.WARD 2","1.BLOCK 1","536.3rd Cross Road","Thyagaraja Road 3rd Cross"
"93","2.WARD 2","1.BLOCK 1","538.5th Cross Road","Thyagaraja Road 4th Cross"
"94","2.WARD 2","1.BLOCK 1","539.6th Cross Road","Thyagaraja Road 4th Cross (Conservancy )"
"95","2.WARD 2","1.BLOCK 1","540.7th Cross Road","Thyagaraja Road 5th Cross"
"96","2.WARD 2","1.BLOCK 1","541.7th A Cross Road","Renuka Charya Temple Road"
"97","2.WARD 2","1.BLOCK 1","542.7th b Cross Road","Renuka Charya Temple Road (Conservancy )"
"98","2.WARD 2","1.BLOCK 1","545.7th E Cross Road","Thyagaraja Road 6th Cross"
"99","2.WARD 2","1.BLOCK 1","546.8th Cross Road","Gurukara Devanna Road"
"100","2.WARD 2","1.BLOCK 1","548.9th Cross Road","Thyagaraja Road 7th Cross"
"101","2.WARD 2","1.BLOCK 1","550.10th Cross Road","Thyagaraja Road 8th Cross"
"102","2.WARD 2","1.BLOCK 1","572.Block 2 West 5th Main Road","Nala Street"
"103","2.WARD 2","2.BLOCK 2","15.Naryana Shastri Road","Naryana Shastri Road"
"104","2.WARD 2","2.BLOCK 2","17.Chamaraja Double Road","Chamaraja Double Road"
"105","2.WARD 2","2.BLOCK 2","101.Sunnada Keri Cross Road","4th Cross Sunnada Keri"
"106","2.WARD 2","2.BLOCK 2","510.510 - 2 AM",""
"107","2.WARD 2","2.BLOCK 2","513.1st Main Road","Nala Street"
"108","2.WARD 2","2.BLOCK 2","514.A Cross Road","Sunnada Keri"
"109","2.WARD 2","2.BLOCK 2","515.B Cross Road","Behind Deen Bank (Galli)"
"110","2.WARD 2","2.BLOCK 2","516.6th Main Road","Bhoothapanna Garadi Road"
"111","2.WARD 2","2.BLOCK 2","518.8th Main Road","3th Cross & 4th Cross Middle Galli"
"112","2.WARD 2","2.BLOCK 2","519.9th Main Road","3th Cross & 4th Cross Middle Galli"
"113","2.WARD 2","2.BLOCK 2","551.1st A Cross Road","Nala Street 2nd Cross"
"114","2.WARD 2","2.BLOCK 2","552.1st Cross Road","Sunnadakeri 1st Cross"
"115","2.WARD 2","2.BLOCK 2","553.2nd Cross Road","Sunnadakeri Road 2nd Cross"
"116","2.WARD 2","2.BLOCK 2","554.2nd A Cross Road","Sunnadakeri 3rd Cross"
"117","2.WARD 2","2.BLOCK 2","555.3rd Cross Road","Sunnadakeri 3rd Cross"
"118","2.WARD 2","2.BLOCK 2","556.4th A Cross Road","Sunnadakeri4rd Cross"
"119","2.WARD 2","2.BLOCK 2","557.4th Cross Road","Sunnadakeri 4rd Cross"
"120","2.WARD 2","2.BLOCK 2","558.1st B Cross Road","Sunnadakeri (Conservancy ) Galli"
"121","2.WARD 2","2.BLOCK 2","560.5th A Cross Road","Nala Street 2nd Cross"
"122","2.WARD 2","2.BLOCK 2","561.5th Cross Road","Sunnadakeri"
"123","2.WARD 2","2.BLOCK 2","572.Block 2 West 5th Main Road","Nala Street 2nd Cross"
"124","2.WARD 2","2.BLOCK 2","574.7th Main Road","Sunnadakeri"
"125","2.WARD 2","2.BLOCK 2","575.5th Main Road","Sunnadakeri"
"126","2.WARD 2","2.BLOCK 2","576.5th A Main Road","Sunnadakeri"
"127","2.WARD 2","2.BLOCK 2","578.2nd Main Road","Sunnadakeri 2nd Cross & 4th Cross Middle Road"
"128","2.WARD 2","3.BLOCK 3","2.Mahatma Gandi Road","Vanivilas Road"
"129","2.WARD 2","3.BLOCK 3","103.Ahammed Khan Mosqe Road","Ahammed Khan Mosqe Road"
"130","2.WARD 2","3.BLOCK 3","104.Seetharam Rao Road","Seetharam Rao Road"
"131","2.WARD 2","3.BLOCK 3","520.2nd A Cross Road","Conservancy Galli"
"132","2.WARD 2","3.BLOCK 3","521.1st A Cross Road","Ahammed Khan Mosqe Property Road"
"133","2.WARD 2","3.BLOCK 3","522.1st B Cross Road","2nd Cross Hullina Beedi"
"134","2.WARD 2","3.BLOCK 3","523.3rd Main Road","Hullina Beedi Cross Road"
"135","2.WARD 2","3.BLOCK 3","524.4th Main Road","Hullina Beedi"
"136","2.WARD 2","3.BLOCK 3","525.3rd B Main Road","Hullina Beedi Conservancy Galli"
"137","2.WARD 2","3.BLOCK 3","526.5th Main Road","Hullina Beedi 3rd Cross"
"138","2.WARD 2","3.BLOCK 3","527.6th Main Road","Hullina Beedi 2nd Cross (Conservancy Galli )"
"139","2.WARD 2","3.BLOCK 3","528.7th Main Road","Hullina Beedi 1st Cross"
"140","2.WARD 2","3.BLOCK 3","529.8th Main Road","2nd Cross Hullina Beedi"
"141","2.WARD 2","3.BLOCK 3","530.8th A Main Road","Conservancy Galli"
"142","2.WARD 2","3.BLOCK 3","562.A Main Road","Ahammed Khan Mosqe Cross Road"
"143","2.WARD 2","3.BLOCK 3","563.1st B Main Road","Kollapuradamma 1st Cross"
"144","2.WARD 2","3.BLOCK 3","564.1st B Cross Road","Hullina Beedi Conservancy Galli"
"145","2.WARD 2","3.BLOCK 3","565.1st C Cross Road","Ahammed Khan Mosqe Cross Property Road"
"146","2.WARD 2","3.BLOCK 3","566.2nd Cross Road","Hullina Beedi 1st Cross"
"147","2.WARD 2","3.BLOCK 3","567.3rd Main Road","Seetharam Rao Road 2nd Cross"
"148","2.WARD 2","3.BLOCK 3","568.4th Cross Road","Ahammed Khan Mosqe Road 3rd Cross"
"149","2.WARD 2","3.BLOCK 3","569.5th Cross Road","Ahammed Khan Mosqe 4th Cross"
"150","2.WARD 2","3.BLOCK 3","570.1st Cross Road","Ahammed Khan Mosqe 2nd Cross"
"151","2.WARD 2","3.BLOCK 3","571.6th Cross Road","Ahammed Khan Mosqe (Back Side Galli)"
"152","2.WARD 2","3.BLOCK 3","580.Seetharam Rav Road","Kollapuradamma Temple Road"
"153","3.WARD 3","1.BLOCK 1","2.Vani Vilasa Road","Vanivilas Road"
"154","3.WARD 3","1.BLOCK 1","15.Narayana Shastri Road","15.Narayana Shastri Road"
"155","3.WARD 3","1.BLOCK 1","101.Sunnadkeri Cross Road","4th Cross Sunnadkeri Cross Road"
"156","3.WARD 3","1.BLOCK 1","102.Nala Street","Nala Street"
"157","3.WARD 3","1.BLOCK 1","501.1st Main Road","Sunnada Keri 4th Cross (Galli)"
"158","3.WARD 3","1.BLOCK 1","502.2nd Main Road","Sunnada Keri 4th Cross (Galli)"
"159","3.WARD 3","1.BLOCK 1","503.3rd Main Road","Siddapaji Gudi Road"
"160","3.WARD 3","1.BLOCK 1","504.4th Main Road","Sunnada Keri 5th Cross"
"161","3.WARD 3","1.BLOCK 1","505.5th Main Road","Sunnada Keri 4th Cross (Galli)"
"162","3.WARD 3","1.BLOCK 1","506.6th Main Road","Kanchugara Beedi"
"163","3.WARD 3","1.BLOCK 1","507.7th Main Road","Nala Beedi"
"164","3.WARD 3","1.BLOCK 1","514.1st Cross Road","Sunnada Keri 5th Cross"
"165","3.WARD 3","1.BLOCK 1","515.2nd Cross Road","Conservancy"
"166","3.WARD 3","1.BLOCK 1","516.2nd A Cross Road","Sunnada Keri 6th Cross"
"167","3.WARD 3","1.BLOCK 1","517.517","Conservancy"
"168","3.WARD 3","1.BLOCK 1","518.4th Cross Road","7th Cross Nala Beedi"
"169","3.WARD 3","1.BLOCK 1","519.5th Cross Road","7th Cross Sunnada Keri"
"170","3.WARD 3","1.BLOCK 1","520.5th A Cross Road","Conservence"
"171","3.WARD 3","1.BLOCK 1","521.5th B Cross Road","Sunnada Keri 7th Cross"
"172","3.WARD 3","1.BLOCK 1","522.6th Cross Road","8th A Cross"
"173","3.WARD 3","1.BLOCK 1","523.7th Cross Road","Conservancy"
"174","3.WARD 3","1.BLOCK 1","524.8th Cross Road","8th Cross"
"175","3.WARD 3","1.BLOCK 1","525.8th A Cross Road","9th Cross"
"176","3.WARD 3","1.BLOCK 1","526.9th Cross Road","Conservancy"
"177","3.WARD 3","1.BLOCK 1","527.10th Cross Road","10th Cross"
"178","3.WARD 3","2.BLOCK 2","2.Vani Vilasa Road","Vani Vilas Road"
"179","3.WARD 3","2.BLOCK 2","15.Narayana Shastri Road","Narayana Shastri Road"
"180","3.WARD 3","2.BLOCK 2","17.Chamaraja Double Road","Chamaraja Double Road"
"181","3.WARD 3","2.BLOCK 2","21.Dr. Subbaiah Road","Dr. Subbaiah Road"
"182","3.WARD 3","2.BLOCK 2","38.Dewans Road","Dewans Road"
"183","3.WARD 3","2.BLOCK 2","105.Chamaraja Double Road to Hardwick School Road","2nd Main Road Kumbargiri"
"184","3.WARD 3","2.BLOCK 2","147.Hardwick School Road","Dr B G Das Road"
"185","3.WARD 3","2.BLOCK 2","511.2nd Main Road","2nd Main Road Rehamaniya Road"
"186","3.WARD 3","2.BLOCK 2","512.3rd Main Road","Rehamaniya Road"
"187","3.WARD 3","2.BLOCK 2","528.1st Cross Road","1st Cross Kumbaragiri"
"188","3.WARD 3","2.BLOCK 2","529.2nd Cross Road","2nd Cross Kumbarageri"
"189","3.WARD 3","2.BLOCK 2","530.3rd Cross Road","3rd Cross Kumbarageri"
"190","3.WARD 3","2.BLOCK 2","531.4th Cross Road","4th Cross"
"191","3.WARD 3","2.BLOCK 2","533.6th Cross Road","5th Cross & 6th Cross Middle Galli Kumbarageri"
"192","3.WARD 3","2.BLOCK 2","534.7th Cross Road","6th Cross"
"193","3.WARD 3","2.BLOCK 2","535.8th Cross Road","6th Cross Rehamaniya Road"
"194","3.WARD 3","2.BLOCK 2","536.10th Cross Road","7th Cross Rehamaniya Road"
"195","3.WARD 3","2.BLOCK 2","537.11th Cross Road","7th Cross Rehamaniya Road"
"196","3.WARD 3","2.BLOCK 2","538.12th Cross Roaf","Conservence Galli"
"197","3.WARD 3","2.BLOCK 2","540.14th Cross Road","4th Cross East Rehamaniya Road"
"198","3.WARD 3","2.BLOCK 2","542.16th Cross Road","3rd Cross"
"199","3.WARD 3","2.BLOCK 2","543.17th Cross Road","3rd Cross West"
"200","3.WARD 3","2.BLOCK 2","544.18th Cross","Conservancy Galli"
"201","3.WARD 3","2.BLOCK 2","545.19th Cross Road","Conservancy Galli"
"202","3.WARD 3","2.BLOCK 2","547.21st Cross Road","Conservancy Galli"
"203","3.WARD 3","2.BLOCK 2","548.22nd Cross Road","Conservancy Galli"
"204","3.WARD 3","2.BLOCK 2","549.23rd Cross Road","Conservancy Galli"
"205","3.WARD 3","2.BLOCK 2","550.24th Cross Road","1st Cross Rehamaniya Beedi"
"206","4.WARD 4","1.BLOCK 1","2.Mohathma Gandhi Road","Vani Vilas Road"
"207","4.WARD 4","1.BLOCK 1","3.J L B Road","J L B Road"
"208","4.WARD 4","1.BLOCK 1","5.New Kanthrajaurs Road","New Kanthrajaurs Road"
"209","4.WARD 4","1.BLOCK 1","17.17 Chamaraja Road Mysore","Chamaraja Double Road"
"210","4.WARD 4","1.BLOCK 1","21.Dr.Subbaiah Road","Dr.Subbaiah Road"
"211","4.WARD 4","1.BLOCK 1","38.Deevan's Road","Deevan's Road"
"212","4.WARD 4","1.BLOCK 1","105.Chamaraja Double Road to Hardwrcke School Road","Kumbarageri Main Road"
"213","4.WARD 4","1.BLOCK 1","147.Hardwick School Road","Dr B G Das Road"
"214","4.WARD 4","1.BLOCK 1","501.1st Main Road","Conservancy Galli"
"215","4.WARD 4","1.BLOCK 1","502.2nd Main Road","Sri Sathyanarayana Temple Road"
"216","4.WARD 4","1.BLOCK 1","504.4th Main Road","Besthagiri Conservence Galli"
"217","4.WARD 4","1.BLOCK 1","505.5th Main Road","Besthagiri Cross Road"
"218","4.WARD 4","1.BLOCK 1","506.7th Main Road","Besthagiri Conservence Galli"
"219","4.WARD 4","1.BLOCK 1","507.9th Main Road","Besthagiri Cross Road"
"220","4.WARD 4","2.BLOCK 2","2.M G Road","Vani Vilas Road"
"221","4.WARD 4","2.BLOCK 2","3.J L B Road","J L B Road"
"222","4.WARD 4","2.BLOCK 2","5.New kantharajaurs road","New Kanthrajaurs Road"
"223","4.WARD 4","2.BLOCK 2","15.Narayana Shastri road","Narayana Shastri Road"
"224","4.WARD 4","2.BLOCK 2","502.502",""
"225","4.WARD 4","2.BLOCK 2","509.1st Main Road","1st Cross Lakshmi Puram"
"226","4.WARD 4","2.BLOCK 2","510.2nd Main Road","1st Main Road Lakshmi Puram"
"227","4.WARD 4","2.BLOCK 2","511.3rd Main Road","Conservancy"
"228","4.WARD 4","2.BLOCK 2","512.4th Main Road","2nd Main Kantharaj Road Lakshmi"
"229","4.WARD 4","2.BLOCK 2","513.5th Main Road","2nd Main 2nd Cross Lakshmi Puram"
"230","4.WARD 4","2.BLOCK 2","514.5th A Main Road","Conservancy Galli"
"231","4.WARD 4","2.BLOCK 2","515.6th Main Road","Lakshmi Puram 3rd Main"
"232","4.WARD 4","2.BLOCK 2","516.7th Main Road","6th Main Lakshmi Puram"
"233","4.WARD 4","2.BLOCK 2","517.8th Main Road","Conservancy"
"234","4.WARD 4","2.BLOCK 2","518.9th Main Road","Conservancy"
"235","4.WARD 4","2.BLOCK 2","519.1st Cross Road","1st Cross lakshmi Puram"
"236","4.WARD 4","2.BLOCK 2","520.1st A Cross Road","Lakshmi Puram"
"237","4.WARD 4","2.BLOCK 2","521.2nd Cross Road","2nd Cross Lakshmi Puram"
"238","4.WARD 4","2.BLOCK 2","522.3rd Cross Road","1st Main Road 3rd Cross Lakshmi Puram"
"239","4.WARD 4","2.BLOCK 2","523.4th Cross Road","1st Main 4th Cross"
"240","4.WARD 4","3.BLOCK 3","1.Mananthavadi Road","Mananthavadi Road"
"241","4.WARD 4","3.BLOCK 3","3.JLB Road","J L B Road"
"242","4.WARD 4","3.BLOCK 3","5.New Kanrharajaurs Road","New Kanthrajaurs Road"
"243","4.WARD 4","3.BLOCK 3","15.Narayana Shastri Road","Narayana Shastri Road"
"244","4.WARD 4","3.BLOCK 3","563.1st Main Road","Conservancy"
"245","4.WARD 4","3.BLOCK 3","564.2nd Main Road","1st Main Road Lakshmi Puram"
"246","4.WARD 4","3.BLOCK 3","565.3rd Main Road","2nd Main Lakshmi Puram"
"247","4.WARD 4","3.BLOCK 3","566.1st Cross Road","1st Cross Lakshmi Puram"
"248","4.WARD 4","3.BLOCK 3","567.2nd Cross Road","2nd Cross Lakshmi Puram"
"249","4.WARD 4","3.BLOCK 3","568.2nd A Cross Road","Gopalswamy Shishuvihara Road"
"250","4.WARD 4","3.BLOCK 3","569.2nd B Cross Road","Gopalswamy Shishuvihara Road"
"251","4.WARD 4","3.BLOCK 3","570.5th Cross Road","5th Cross"
"252","4.WARD 4","3.BLOCK 3","571.3rd Cross Road","3rd Cross"
"253","4.WARD 4","3.BLOCK 3","572.4th Cross Road","4th Cross Lakshmi Puram"
"254","4.WARD 4","4.BLOCK 4","2.M G Road","Vani Vilas Road"
"255","4.WARD 4","4.BLOCK 4","3.J L B Road","J L B Road"
"256","4.WARD 4","4.BLOCK 4","5.New kanthrajaurs Road","New Kanthrajaurs Road"
"257","4.WARD 4","4.BLOCK 4","20.Ambedkar Road","Ambedkar Road"
"258","4.WARD 4","4.BLOCK 4","75.Krisha Ballawad Road","Krisha Ballawad Road"
"259","4.WARD 4","4.BLOCK 4","144.Chamaraja Double Road","Jaya Lakshmi Villas"
"260","4.WARD 4","4.BLOCK 4","524.1st Main Rad","Vani Vilas Road"
"261","4.WARD 4","4.BLOCK 4","525.2nd Main Road","Geetha Road"
"262","4.WARD 4","4.BLOCK 4","526.3rd Main Road","Conservence Galli"
"263","4.WARD 4","4.BLOCK 4","527.3rd A Main Road","Conservence Galli"
"264","4.WARD 4","4.BLOCK 4","528.4h Main Road","Deva Pathriva Road"
"265","4.WARD 4","4.BLOCK 4","529.5th Main Road","Conservence Galli"
"266","4.WARD 4","4.BLOCK 4","530.6th Main Road","Vishnuvardhana Road"
"267","4.WARD 4","4.BLOCK 4","531.1st Cross Road","Conservency"
"268","4.WARD 4","4.BLOCK 4","533.4th Cross road","4th Cross Chamaraja Mohalla"
"269","4.WARD 4","4.BLOCK 4","534.5th Cross Road","Conservancy Road"
"270","4.WARD 4","4.BLOCK 4","535.6th Cross road","Narasha Raj Road"
"271","4.WARD 4","4.BLOCK 4","536.7th Cross Road","Railway Station Road"
"272","4.WARD 4","4.BLOCK 4","537.8th Cross Road","Conservency Galli"
"273","4.WARD 4","4.BLOCK 4","538.9th Cross Road","Bajanna Line"
"274","4.WARD 4","4.BLOCK 4","539.10th Cross Road","Conservency Galli"
"275","4.WARD 4","4.BLOCK 4","540.11th Cross Road","Bala Krishna Rao Road"
"276","4.WARD 4","4.BLOCK 4","541.12th Cross Road","Conservency Galli"
"277","4.WARD 4","4.BLOCK 4","573.5th A Main Road","Vishnuvardhana Road"
"278","4.WARD 4","5.BLOCK 5","5.New Kanrharaje urs Road","New Kanthrajaurs Road"
"279","4.WARD 4","5.BLOCK 5","20.Ambedkar Road","Ambedkar Road"
"280","4.WARD 4","5.BLOCK 5","55.Siddartha Hostel Road","2nd Main Siddartha Hostel Road"
"281","4.WARD 4","5.BLOCK 5","75.Krisha Ballawad Road","Krisha Ballawad Road"
"282","4.WARD 4","5.BLOCK 5","146.Siddartha School Road",".Siddartha School Road"
"283","4.WARD 4","5.BLOCK 5","542.1st A Main Road","Krishna Murthy Puram Cross Road"
"284","4.WARD 4","5.BLOCK 5","543.1st Main Road","Krishna Murthy Puram Cross Road"
"285","4.WARD 4","5.BLOCK 5","544.2nd Main Road","Krishna Murthy Puram Cross Road"
"286","4.WARD 4","5.BLOCK 5","545.3rd Main Road","Krishna Murthy Puram Cross Road"
"287","4.WARD 4","5.BLOCK 5","546.4th Main Road","Krishna Murthy Puram Cross Road"
"288","4.WARD 4","5.BLOCK 5","547.5th Main Road","Krishna Murthy Puram Cross Road"
"289","4.WARD 4","5.BLOCK 5","549.8th Main Road","Krishna Murthy Puram Cross Road"
"290","4.WARD 4","5.BLOCK 5","550.9th Main Road","3rd Main Krishna Murthy Puram"
"291","4.WARD 4","5.BLOCK 5","552.1st Cross Road","1st Cross Krishna Murthy Puram"
"292","4.WARD 4","5.BLOCK 5","553.2nd Cross Road","1st Cross Krishna Murthy Puram"
"293","4.WARD 4","5.BLOCK 5","555.4th Cross Road","2nd Cross Krishna Murthy Puram"
"294","4.WARD 4","5.BLOCK 5","556.5th Cross Road","3rd Cross Krishna Murthy Puram"
"295","4.WARD 4","5.BLOCK 5","557.6th Cross Road","4th Cross Krishna Murthy Puram"
"296","4.WARD 4","5.BLOCK 5","558.6th A Cross Road","Conservence Galli Krishna Murthy Puram Cross Road"
"297","4.WARD 4","5.BLOCK 5","560.7th Cross Road","5th Cross Krishna Murthy Puram"
"298","4.WARD 4","5.BLOCK 5","561.8th Cross Road","6th Cross Krishna Murthy Puram"
"299","4.WARD 4","5.BLOCK 5","562.9th Cross Road","7th Cross Krishna Murthy Puram"
"300","5.WARD 5","1.BLOCK 1","2.M G Road","Vani Vilas Road"
"301","5.WARD 5","1.BLOCK 1","15.Narayana Shastri Road","Narayana Shastri Road"
"302","5.WARD 5","1.BLOCK 1","104.Seetaram Rao Road","Seetaram Rao Road"
"303","5.WARD 5","1.BLOCK 1","107.Madhavachar Road","Madhavachar Road"
"304","5.WARD 5","1.BLOCK 1","501.1st Main Road","Kantharajurs Road Cross"
"305","5.WARD 5","1.BLOCK 1","519.1st Cross Road","1st Cross Hosakeri"
"306","5.WARD 5","1.BLOCK 1","520.2nd Cross Road","1st Cross Hosakeri Galli"
"307","5.WARD 5","1.BLOCK 1","521.3rd Cross Road","2nd Cross Hosakeri"
"308","5.WARD 5","1.BLOCK 1","522.4th Cross Road","2nd Cross Hosakeri Galli"
"309","5.WARD 5","1.BLOCK 1","523.5th Cross Road","3rd Cross Hosakeri"
"310","5.WARD 5","1.BLOCK 1","524.6th Cross Road","3rd Cross Hosakeri Galli"
"311","5.WARD 5","1.BLOCK 1","525.Lakshmi Puram","4th Cross Hosakeri"
"312","5.WARD 5","1.BLOCK 1","526.8th Cross Road","4th Cross Hosakeri Galli"
"313","5.WARD 5","1.BLOCK 1","527.9th Cross Road","5th Cross Hosakeri"
"314","5.WARD 5","1.BLOCK 1","528.10th Cross Road","5th Cross Hosakeri Galli"
"315","5.WARD 5","1.BLOCK 1","529.11th Cross Road","6th Cross Hosakeri"
"316","5.WARD 5","1.BLOCK 1","530.12th Cross Road","6th Cross Hosakeri Galli"
"317","5.WARD 5","1.BLOCK 1","531.13th Cross Road","7th Cross Hosakeri"
"318","5.WARD 5","1.BLOCK 1","532.14th Cross Road","7th Cross Hosakeri Galli"
"319","5.WARD 5","1.BLOCK 1","560.15th Cross Road","Kantharajurs Road Cross"
"320","5.WARD 5","2.BLOCK 2","1.Manadewaadi Road","Manadewaadi Road"
"321","5.WARD 5","2.BLOCK 2","3.J L B Road","J L B Road"
"322","5.WARD 5","2.BLOCK 2","15.Narayana Shastri Road","Narayana Shastri Road"
"323","5.WARD 5","2.BLOCK 2","503.1st Main Road","Medarakeri Galli"
"324","5.WARD 5","2.BLOCK 2","504.2nd Main Road","Medarakeri Galli"
"325","5.WARD 5","2.BLOCK 2","505.3rd Main Road","4th Cross Medarakeri"
"326","5.WARD 5","2.BLOCK 2","506.4th Main Road","Medarakeri 4th Cross Galli"
"327","5.WARD 5","2.BLOCK 2","507.5th Main Road","Medarakeri 3rd Main"
"328","5.WARD 5","2.BLOCK 2","508.6th Main Road","Medarakeri 3rd Main Galli"
"329","5.WARD 5","2.BLOCK 2","509.7th Main Road","2nd Main Medarakeri"
"330","5.WARD 5","2.BLOCK 2","510.8th Main Road","2nd Main Medarakeri Galli"
"331","5.WARD 5","2.BLOCK 2","511.9th Main Road","1st Main Medarakeri"
"332","5.WARD 5","2.BLOCK 2","512.10th Main Road","1st Cross Medarakeri"
"333","5.WARD 5","2.BLOCK 2","533.1st Cross Road","1st Cross Medarakeri"
"334","5.WARD 5","2.BLOCK 2","534.2nd Cross Road","2nd Cross Medarakeri"
"335","5.WARD 5","2.BLOCK 2","535.3rd Cross Road","3rd Cross Medarakeri"
"336","5.WARD 5","2.BLOCK 2","536.4th Cross Road","Diagonal Road"
"337","5.WARD 5","2.BLOCK 2","537.5th Cross Road","5th Cross Medarakeri"
"338","5.WARD 5","3.BLOCK 3","3.J L B Road","J L B Road"
"339","5.WARD 5","3.BLOCK 3","15.Narayanashastri Road","Narayana Shastri Road"
"340","5.WARD 5","3.BLOCK 3","23.Ramanajua Road","Ramanajua Road"
"341","5.WARD 5","3.BLOCK 3","66.Basaveshwara Road","Basaveshwara Road"
"342","5.WARD 5","3.BLOCK 3","108.Seehineeru Katte Road","Seehineeru Katte Road"
"343","5.WARD 5","3.BLOCK 3","109.Basaveshwara Road To Seehineeru Katte Road","8th Cross Basaveshwara Road"
"344","5.WARD 5","3.BLOCK 3","110.Hosabandikeri Cross Road","6th Hosabandikeri Road"
"345","5.WARD 5","3.BLOCK 3","502.Chamundi Puram","Chamundipuram Galli"
"346","5.WARD 5","3.BLOCK 3","514.1st Main Road","2nd Main Chamundipuram Galli"
"347","5.WARD 5","3.BLOCK 3","515.2nd Main Road","2nd Main Chamundipuram"
"348","5.WARD 5","3.BLOCK 3","516.3rd Cross Road","1st Main Chamundipuram"
"349","5.WARD 5","3.BLOCK 3","517.3rd A Main Road","7th Cross Chamundipuram"
"350","5.WARD 5","3.BLOCK 3","518.518","8th Cross Chamundipuram"
"351","5.WARD 5","3.BLOCK 3","538.538","9th Cross Basaveshwara Road"
"352","5.WARD 5","3.BLOCK 3","539.539","10th Cross Basaveshwara Road"
"353","5.WARD 5","3.BLOCK 3","541.541","11th Cross Basaveshwara Road"
"354","5.WARD 5","3.BLOCK 3","542.Basaveshwara Road-","11th Cross Basaveshwara Road Galli"
"355","5.WARD 5","3.BLOCK 3","543.543-6C","12th Cross Basaveshwara Road Galli"
"356","5.WARD 5","3.BLOCK 3","544.544-7C","Seehineeru Katte Road"
"357","5.WARD 5","3.BLOCK 3","545.6th Cross Road","13th Cross Basaveshwara Road"
"358","5.WARD 5","3.BLOCK 3","546.7th Cross Road","14th Cross Basaveshwara Road"
"359","5.WARD 5","3.BLOCK 3","548.9th Cross Road","7th Cross Basaveshwara Road"
"360","5.WARD 5","3.BLOCK 3","549.10th Cross Road","2nd Cross Chamundi Puram"
"361","5.WARD 5","3.BLOCK 3","550.11th Cross Road","2nd Cross Chamundi Puram"
"362","5.WARD 5","3.BLOCK 3","551.12th Cross Road","3rd Cross Chamundi Puram"
"363","5.WARD 5","3.BLOCK 3","552.13th Cross Road","3rd Cross Chamundi Puram Galli"
"364","5.WARD 5","3.BLOCK 3","553.14th Cross Road","4th Cross Chamundi Puram"
"365","5.WARD 5","3.BLOCK 3","554.5th Cross Hosakeri.","5th Cross Chamundi Puram"
"366","5.WARD 5","3.BLOCK 3","555.16th Cross Road","5th Cross Chamundi Puram Galli"
"367","5.WARD 5","3.BLOCK 3","556.17th Cross Road","6th Cross Chamundi Puram"
"368","5.WARD 5","3.BLOCK 3","557.18th Cross Road","7th Cross Chamundi Puram"
"369","5.WARD 5","3.BLOCK 3","558.558-16 C","8th Cross Chamundi Puram"
"370","5.WARD 5","3.BLOCK 3","561.561-3 B M","1st Main Chamundi Puram"
"371","5.WARD 5","3.BLOCK 3","563.Basaveshwara Road.","Basaveshwara Road."
"372","6.WARD 6","1.BLOCK 1","15.Narayana Shasthri Road","Narayana Shasthri Road"
"373","6.WARD 6","1.BLOCK 1","66.Basaveshwar Road","Basaveshwara Road"
"374","6.WARD 6","1.BLOCK 1","103.Adam Khan Masque Road","Adam Khan Masque Road"
"375","6.WARD 6","1.BLOCK 1","107.Madhavachar Road","Madhavachar Road"
"376","6.WARD 6","1.BLOCK 1","108.Seehi neeru Katte Road","Seehi Neeru Katte Road"
"377","6.WARD 6","1.BLOCK 1","109.Basveshwar Road To Seehineeru Katte Road","8C Basveshwara Road"
"378","6.WARD 6","1.BLOCK 1","501.A Main Road","1C Basaveshwara Road"
"379","6.WARD 6","1.BLOCK 1","502.B Main Road","2C Basaveshwara Road"
"380","6.WARD 6","1.BLOCK 1","503.C Main Road","Madhavachar Road Galli"
"381","6.WARD 6","1.BLOCK 1","504.1st Main Road","2C Basaveshwara Road"
"382","6.WARD 6","1.BLOCK 1","505.2nd Main Road","3C Basaveshwara Road"
"383","6.WARD 6","1.BLOCK 1","506.3rd Main Road","Seehi neeru Katte Road"
"384","6.WARD 6","1.BLOCK 1","507.3rd A Main Road","Adam Khan Masque Road Cross"
"385","6.WARD 6","1.BLOCK 1","509.4th Main Road","Madhavachar Road"
"386","6.WARD 6","1.BLOCK 1","510.5th Main Road","Madhavachar Road"
"387","6.WARD 6","1.BLOCK 1","511.3rd C Main Road","9C Basaveshwara Road"
"388","6.WARD 6","1.BLOCK 1","514.A Cross Road","Madhavachar Road"
"389","6.WARD 6","1.BLOCK 1","515.B Cross Road","1C Adam Khan Masque Road"
"390","6.WARD 6","1.BLOCK 1","516.1st Cross Road","Madhavachar Road"
"391","6.WARD 6","1.BLOCK 1","517.1st A Cross Road","2C Adam Khan Masque Road"
"392","6.WARD 6","1.BLOCK 1","518.1st B Cross Road","2C Basaveshwara Road Galli"
"393","6.WARD 6","1.BLOCK 1","519.2nd Cross Road","1C Basaveshwara Road"
"394","6.WARD 6","1.BLOCK 1","520.2nd A Cross Road","1C Basaveshwara Road"
"395","6.WARD 6","1.BLOCK 1","521.3rd Cross Road","2C Basaveshwara Road"
"396","6.WARD 6","1.BLOCK 1","522.4th Cross Road","3C Basaveshwara Road"
"397","6.WARD 6","1.BLOCK 1","523.5th Cross Road","4C Basaveshwara Road Galli"
"398","6.WARD 6","1.BLOCK 1","524.524 - 6 CROSS ROAD","4C Basaveshwara Road"
"399","6.WARD 6","1.BLOCK 1","527.8th Cross Road","5C Basaveshwara Road"
"400","6.WARD 6","1.BLOCK 1","528.9th Cross Road","6C Basaveshwara Road Galli"
"401","6.WARD 6","1.BLOCK 1","529.10th Cross Road","6C Basaveshwara Road"
"402","6.WARD 6","1.BLOCK 1","530.10th A Cross Road","5C Madhavachar Road"
"403","6.WARD 6","1.BLOCK 1","531.10th BCross Road","6C Madhavachar Road Galli"
"404","6.WARD 6","1.BLOCK 1","533.11th A Cross Road","6C Madhavachar Road"
"405","6.WARD 6","1.BLOCK 1","534.12th Cross Road","8C Basaveshwara Road"
"406","6.WARD 6","1.BLOCK 1","535.12th A Cross Road","7C Madhavachar Road"
"407","6.WARD 6","1.BLOCK 1","536.12th B Cross Road","9C Basaveshwara Road"
"408","6.WARD 6","1.BLOCK 1","538.14th Cross Road","9C Basaveshwara Road Galli"
"409","6.WARD 6","1.BLOCK 1","539.15th Cross Road","9C Basaveshwara Road Galli"
"410","6.WARD 6","1.BLOCK 1","540.16th Cross Road","9C Basaveshwara Road"
"411","6.WARD 6","1.BLOCK 1","541.16th A Cross Road","8C Madhavachar Road"
"412","6.WARD 6","1.BLOCK 1","542.16th B Cross Road","8C Madhavachar Galli"
"413","6.WARD 6","1.BLOCK 1","553.17th South Cross Road","1C Hosabandikeri"
"414","6.WARD 6","2.BLOCK 2","15.Narayana Shastri Road","Narayana Shastri Road"
"415","6.WARD 6","2.BLOCK 2","108.Seehineeru Katte Road","Seehineeru Katte Road"
"416","6.WARD 6","2.BLOCK 2","110.Hosabandi Keri Cross Road","6C.Hosabandi Keri Road"
"417","6.WARD 6","2.BLOCK 2","512.1st Main Road","6C.Hosabandi Keri Road"
"418","6.WARD 6","2.BLOCK 2","513.2nd Main Road","Old Wood yard Road"
"419","6.WARD 6","2.BLOCK 2","536.536 - 12BC","9C Basaveshwara Road"
"420","6.WARD 6","2.BLOCK 2","544.A Cross Road","1C Hosabandi Keri Road Galli"
"421","6.WARD 6","2.BLOCK 2","545.1st Cross Road","2C Hosabandi Keri Road"
"422","6.WARD 6","2.BLOCK 2","546.2nd Cross Road","2C Hosabandi Keri Galli"
"423","6.WARD 6","2.BLOCK 2","547.3rd Cross Road","3C Hosabandi Keri Road"
"424","6.WARD 6","2.BLOCK 2","548.4th Cross Road","3C Hosabandi Keri Galli"
"425","6.WARD 6","2.BLOCK 2","549.5th Cross Road","4C Hosabandi Keri Road"
"426","6.WARD 6","2.BLOCK 2","550.6th Cross Road","4C Hosabandi Keri Galli"
"427","6.WARD 6","2.BLOCK 2","551.7th Cross Road","5C Hosabandi Keri Road"
"428","6.WARD 6","2.BLOCK 2","552.8th Cross Road","5C Hosabandi Keri Road Galli"
"429","6.WARD 6","2.BLOCK 2","553.17th South Cross Road","1C Hosabandi Keri"
"430","7.WARD 7","1.BLOCK 1","2.Vani Vilas Road","Vanivilas Road"
"431","7.WARD 7","1.BLOCK 1","23.Ramanuja Road","Ramanuja Road"
"432","7.WARD 7","1.BLOCK 1","68.Nanjana Good Road","68.Nanjanagod Road"
"433","7.WARD 7","1.BLOCK 1","112.Uttaradhi Matt East Road","3C Shankara Matt Road"
"434","7.WARD 7","1.BLOCK 1","113.Uttaradhi Matt West Road","4C Uttaradi Matt West Road"
"435","7.WARD 7","1.BLOCK 1","501.1st Main road","Harishchandra Gatt Road"
"436","7.WARD 7","1.BLOCK 1","502.2nd Main Road","4C Shankara Matt Road"
"437","7.WARD 7","1.BLOCK 1","503.3rd Main Road","3C Shankara Matt Road"
"438","7.WARD 7","1.BLOCK 1","505.4th Main Road","2C Shankara Matt Road"
"439","7.WARD 7","1.BLOCK 1","507.6th Main Road","Uttaradimata Road"
"440","7.WARD 7","1.BLOCK 1","508.1st Cross Road","Shankaramata Road 2nd main"
"441","7.WARD 7","1.BLOCK 1","603.2nd Cross Road","5C Uttaradimata West Road"
"442","7.WARD 7","2.BLOCK 2","2.Vani Vilas Road","Vani Vilas Road"
"443","7.WARD 7","2.BLOCK 2","68.Nanjana Good Road","Nanjanagud Road"
"444","7.WARD 7","2.BLOCK 2","509.2nd Main Road","Madhuvana Road"
"445","7.WARD 7","2.BLOCK 2","599.1st Cross Road","Madhuvana Road ( Cross Road)"
"446","7.WARD 7","3.BLOCK 3","2.Vani Vilas Road","Vani Vilas Road"
"447","7.WARD 7","3.BLOCK 3","3.Jansi Lakshmi Bai Road","Jansi Lakshmi Bai Road"
"448","7.WARD 7","3.BLOCK 3","23.Ramanuja Road","Ramanuja Road"
"449","7.WARD 7","3.BLOCK 3","68.Nanjanagood Road","Nanjanagud Road"
"450","7.WARD 7","3.BLOCK 3","511.3rd Main Road","Ele Thotada Road"
"451","7.WARD 7","3.BLOCK 3","512.3rd A Main Road","12C Ramanuja Road"
"452","7.WARD 7","3.BLOCK 3","513.3rd B Main Road","9C Ramanuja Road Galli"
"453","7.WARD 7","3.BLOCK 3","514.3rd C Cross Road","9C Ramanuja Road Galli"
"454","7.WARD 7","3.BLOCK 3","515.3rd D Cross Road","Rajaram Agrahara Road"
"455","7.WARD 7","3.BLOCK 3","516.4th Main Road","13C Ramanuja Road"
"456","7.WARD 7","3.BLOCK 3","517.5th Main Road","12C Ramanuja Road Galli"
"457","7.WARD 7","3.BLOCK 3","518.5th A Main Road","10C Ramanuja Road Galli"
"458","7.WARD 7","3.BLOCK 3","520.6th Main Road","11C Ramanuja Road Cross Road"
"459","7.WARD 7","3.BLOCK 3","522.2nd Cross Road","7C Ramanuja Road Galli"
"460","7.WARD 7","3.BLOCK 3","523.3rd Cross Road","7C Ramanuja Road Galli"
"461","7.WARD 7","3.BLOCK 3","524.4th Cross Road","8C Ramanuja Road"
"462","7.WARD 7","3.BLOCK 3","525.5th Cross Road","8C Ramanuja Road Galli"
"463","7.WARD 7","3.BLOCK 3","526.6th Cross Road","9C Ramanuja Road"
"464","7.WARD 7","3.BLOCK 3","527.7th Cross Road","9C Ramanuja Road Galli"
"465","7.WARD 7","3.BLOCK 3","529.9th Cross Road","Shrinivasa Agrahara"
"466","7.WARD 7","3.BLOCK 3","530.10th Cross Road","10C Ramanuja Road Galli"
"467","7.WARD 7","3.BLOCK 3","532.12th Cross Road","Rajarama Agrahara"
"468","7.WARD 7","3.BLOCK 3","533.13th Cross Road","12C Ramanuja Road Galli"
"469","7.WARD 7","3.BLOCK 3","534.14th Cross Road","12C Ramanuja Road"
"470","7.WARD 7","3.BLOCK 3","536.16th Cross Road","12C Ramanuja Road Galli"
"471","7.WARD 7","3.BLOCK 3","538.18th Cross Road","12C Ramanuja Road Galli"
"472","7.WARD 7","3.BLOCK 3","539.19th Cross Road","13C Ramanuja Road Galli"
"473","7.WARD 7","3.BLOCK 3","541.20th Cross Road","13C Ramanuja Road Galli"
"474","7.WARD 7","3.BLOCK 3","542.21st Cross Road","13C Ramanuja Road Galli"
"475","7.WARD 7","3.BLOCK 3","544.23rd Cross Road","13C Ramanuja Road"
"476","7.WARD 7","3.BLOCK 3","545.24th Cross Road","14C Ramanuja Road"
"477","7.WARD 7","3.BLOCK 3","546.25th Cross Road","14C Ramanuja Road Galli"
"478","7.WARD 7","3.BLOCK 3","547.26th Cross Road","15C Ramanuja Road"
"479","7.WARD 7","3.BLOCK 3","549.28th Cross Road","16C Ramanuja Road"
"480","7.WARD 7","3.BLOCK 3","550.29th Cross Road","18C Ramanuja Road"
"481","7.WARD 7","3.BLOCK 3","551.30th Cross Road","18C Ramanuja Road Galli"
"482","7.WARD 7","3.BLOCK 3","552.31st Cross Road","19C Ramanuja Road"
"483","7.WARD 7","3.BLOCK 3","553.32th Cross Road","19C Ramanuja Road Galli"
"484","7.WARD 7","3.BLOCK 3","554.33rd Cross Road","Ramanuja Road 19th Cross Road"
"485","7.WARD 7","4.BLOCK 4","2.Vani Vilas Road","Vanivilas Road"
"486","7.WARD 7","4.BLOCK 4","23.Ramanuja Road","Ramanuja Road"
"487","7.WARD 7","4.BLOCK 4","66.Basaveshwara Road","Basaveshwara Road"
"488","7.WARD 7","4.BLOCK 4","555.1st Main Road","1st Main Ramanuja Road"
"489","7.WARD 7","4.BLOCK 4","556.5th Main Road","16th Cross Ramanuja Road Galli"
"490","7.WARD 7","4.BLOCK 4","557.5th A Main Road","5th Main Road Ramanuja Road"
"491","7.WARD 7","4.BLOCK 4","558.2nd Main Road","B.B Garden 2nd Main Road"
"492","7.WARD 7","4.BLOCK 4","559.6th Main Road","16th Cross Ramanuja Road Galli"
"493","7.WARD 7","4.BLOCK 4","560.3rd Main Road","B.B Garden 1st Main Road"
"494","7.WARD 7","4.BLOCK 4","561.4th Main Road","B.B Garden 1st Main Road Galli"
"495","7.WARD 7","4.BLOCK 4","562.4th A Main Road","9th Cross ThyagarajaRoad"
"496","7.WARD 7","4.BLOCK 4","563.1st Cross Road","3C Ramanuja Road Galli"
"497","7.WARD 7","4.BLOCK 4","564.2nd Cross Road","3C Ramanuja Road"
"498","7.WARD 7","4.BLOCK 4","565.3rd Cross Road","3C Ramanuja Road Galli"
"499","7.WARD 7","4.BLOCK 4","566.4th Cross Road","9th Cross Thyagaraja Road"
"500","7.WARD 7","4.BLOCK 4","567.5th Cross Road","2C Ramanuja Road"
"501","7.WARD 7","4.BLOCK 4","568.6th Cross Road","2C Ramanuja Road Galli"
"502","7.WARD 7","4.BLOCK 4","569.7th Cross Road","3C Ramanuja Road"
"503","7.WARD 7","4.BLOCK 4","570.8th Cross Road","3C Ramanuja Road Galli"
"504","7.WARD 7","4.BLOCK 4","571.9th Cross Road","4C Ramanuja Road"
"505","7.WARD 7","4.BLOCK 4","573.11th Cross Road","5C Ramanuja Road"
"506","7.WARD 7","4.BLOCK 4","574.12th Cross Road","5C Ramanuja Road Galli"
"507","7.WARD 7","4.BLOCK 4","576.14th Cross Road","5C Ramanuja Road Galli"
"508","7.WARD 7","4.BLOCK 4","577.15th Cross Road","6C Ramanuja Road"
"509","7.WARD 7","4.BLOCK 4","578.15th A Cross Road","6C Ramanuja Road Galli"
"510","7.WARD 7","4.BLOCK 4","579.16th Cross Road","6C Ramanuja Road Galli"
"511","7.WARD 7","4.BLOCK 4","580.17th Cross Road","7th Cross Ramanuja Road"
"512","7.WARD 7","4.BLOCK 4","581.18th Cross Road","7th Cross Ramanuja Road Galli"
"513","7.WARD 7","4.BLOCK 4","582.19th Cross Road","7th Cross Ramanuja Road"
"514","7.WARD 7","4.BLOCK 4","583.20th Cross Road","8th Cross Ramanuja Road Galli"
"515","7.WARD 7","4.BLOCK 4","584.21st Cross Road","9th Cross Ramanuja Road"
"516","7.WARD 7","4.BLOCK 4","585.22nd Cross Road","9th Cross Ramanuja Road Galli"
"517","7.WARD 7","4.BLOCK 4","586.23rd Cross Road","10th Cross Ramanuja Road"
"518","7.WARD 7","4.BLOCK 4","587.24th Cross Road","10th Cross Ramanuja Road Galli"
"519","7.WARD 7","4.BLOCK 4","588.25th Cross Road","11th Cross Ramanuja Road"
"520","7.WARD 7","4.BLOCK 4","589.26th Cross Road","11th Cross Ramanuja Road Galli"
"521","7.WARD 7","4.BLOCK 4","590.27th Cross Road","12th Cross Ramanuja Road"
"522","7.WARD 7","4.BLOCK 4","591.28th Cross Road","12th Cross Ramanuja Road Galli"
"523","7.WARD 7","4.BLOCK 4","592.29th Cross Road","13th Cross Ramanuja Road"
"524","7.WARD 7","4.BLOCK 4","593.30th Cross Road","14th Cross Ramanuja Road"
"525","7.WARD 7","4.BLOCK 4","594.31st Cross Road","15th Cross Ramanuja Road Galli"
"526","7.WARD 7","4.BLOCK 4","595.32nd Cross Road","15th Cross Ramanuja Road Galli"
"527","7.WARD 7","4.BLOCK 4","596.33rd Cross Road","16th Cross Ramanuja Road"
"528","7.WARD 7","4.BLOCK 4","597.34th Cross Road","18th Cross Ramanuja Road"
"529","8.WARD 8","1.BLOCK 1","23.Ramanujja Road","Ramanuja Road"
"530","8.WARD 8","1.BLOCK 1","68.Nanjangud Road","Nanjanagud Road"
"531","8.WARD 8","1.BLOCK 1","501.A Cross Road","Gundurao Nagara"
"532","8.WARD 8","1.BLOCK 1","502.1st Cross Road","Gundurao Nagara"
"533","8.WARD 8","1.BLOCK 1","503.2nd Cross Road","Gundurao Nagara"
"534","8.WARD 8","1.BLOCK 1","504.3rd Cross Road","Gundurao Nagara"
"535","8.WARD 8","1.BLOCK 1","505.4th Cross Road","Gundurao Nagara"
"536","8.WARD 8","1.BLOCK 1","506.5th Cross Road","Gundurao Nagara"
"537","8.WARD 8","1.BLOCK 1","507.6th Cross Road","Gundurao Nagara"
"538","8.WARD 8","1.BLOCK 1","508.8th Cross Road","1C Gundurao Nagara"
"539","8.WARD 8","1.BLOCK 1","509.9th Cross Road","6C Gundurao Nagara"
"540","8.WARD 8","1.BLOCK 1","510.10th Cross Road","5C Gundurao Nagara"
"541","8.WARD 8","1.BLOCK 1","511.11th Cross Road","4C Gundurao Nagara"
"542","8.WARD 8","1.BLOCK 1","512.12th Cross Road","3C Gundurao Nagara"
"543","8.WARD 8","1.BLOCK 1","513.13th Cross Road","2C Gundurao Nagara"
"544","8.WARD 8","1.BLOCK 1","514.14th Cross Road","1C Gundurao Nagara"
"545","8.WARD 8","1.BLOCK 1","515.8th A Cross Road","Muneshwara Nagara Elethota"
"546","8.WARD 8","1.BLOCK 1","516.10th A Cross Road","Muneshwara Nagara Elethota"
"547","8.WARD 8","1.BLOCK 1","517.11th A Cross Road","Muneshwara Nagara Elethota"
"548","8.WARD 8","1.BLOCK 1","518.15th Cross Road","8C Muneshwara Nagara"
"549","8.WARD 8","1.BLOCK 1","519.16th Cross Road","7C Muneshwara Nagara"
"550","8.WARD 8","1.BLOCK 1","520.17th Cross Road","6C Muneshwara Nagara"
"551","8.WARD 8","1.BLOCK 1","521.18th Cross Road","5C Muneshwara Nagara"
"552","8.WARD 8","1.BLOCK 1","522.19th Cross Road","4C Muneshwara Nagara"
"553","8.WARD 8","1.BLOCK 1","523.20th Cross Road","3C Muneshwara Nagara"
"554","8.WARD 8","1.BLOCK 1","524.21st Cross Road","2C Muneshwara Nagara"
"555","8.WARD 8","1.BLOCK 1","525.22nd Cross Road","Muneshwara Nagara 1st Cross"
"556","8.WARD 8","1.BLOCK 1","528.1st Main Road","Gundurao Nagara"
"557","8.WARD 8","1.BLOCK 1","530.3rd Main Road","Gundurao Nagara"
"558","8.WARD 8","1.BLOCK 1","531.4th Main Road","Muneshwara Nagara Elethota"
"559","8.WARD 8","1.BLOCK 1","532.5th Main Road","Muneshwara Nagara Elethota"
"560","8.WARD 8","1.BLOCK 1","533.6th Main Road","Muneshwara Nagara"
"561","8.WARD 8","1.BLOCK 1","534.7th Main Road","Muneshwara Nagara"
"562","8.WARD 8","1.BLOCK 1","535.8th Main Road","Muneshwara Nagara Main Road"
"563","8.WARD 8","1.BLOCK 1","536.7th Cross Road","Gundurao Nagara"
"564","8.WARD 8","2.BLOCK 2","23.Ramanuja Road","Ramanuja Road"
"565","8.WARD 8","2.BLOCK 2","541.1st Cross Road","1C Bestara Block Vidyaranya puram Suyej faram Road"
"566","8.WARD 8","2.BLOCK 2","542.2nd Cross Road","2C Bestara Block Suyej farm Road Vidyaranya puram"
"567","8.WARD 8","2.BLOCK 2","543.3rd Cross Road","3C Bestara Block Suyej farm Road Vidyaranya puram"
"568","8.WARD 8","2.BLOCK 2","544.4th Cross Road","4C Bestara Block Suyej farm Road Vidyaranya puram"
"569","8.WARD 8","2.BLOCK 2","545.5th Cross Road","5C Bestara Block Suyej farm Road Vidyaranya puram"
"570","8.WARD 8","2.BLOCK 2","546.6th Cross Road","6C Bestara Block Suyej farm Road Vidyaranya puram"
"571","8.WARD 8","2.BLOCK 2","547.7th Cross Road","Suyej Farm Road 7th Cross Bestara Block V Puram"
"572","8.WARD 8","2.BLOCK 2","548.8th Cross Road","Suyej Farm Road Kanakagiri"
"573","8.WARD 8","2.BLOCK 2","549.9th Cross Road","EWS Hudco Kanakagiri Vidyaranya puram"
"574","8.WARD 8","2.BLOCK 2","550.10th Cross Road","EWS Hudco Kanakagiri Vidyaranya puram"
"575","8.WARD 8","2.BLOCK 2","551.11th Cross Road","School Road Kanaka Giri Vidyaranya Puram"
"576","8.WARD 8","2.BLOCK 2","552.12th Cross Road","Kanakagiri Vidyaranya Puram"
"577","8.WARD 8","2.BLOCK 2","553.13th Cross Road","Hudco Suyej Faram Road Kanaka Giri Vidyaranya puram"
"578","8.WARD 8","2.BLOCK 2","554.14th Cross Road","Kanakagiri Vidyaranya Puram"
"579","8.WARD 8","2.BLOCK 2","555.15th Cross Road","Kanakagiri Hudco Vidyaranya Puram"
"580","8.WARD 8","2.BLOCK 2","556.16th Cross Road","Kanakagiri Hudco Vidyaranya Puram"
"581","8.WARD 8","2.BLOCK 2","557.17th Cross Road","Kanakagiri Vidyaranya Puram"
"582","8.WARD 8","2.BLOCK 2","558.18th Cross Road","Kanakagiri Hudco Vidyaranya Puram"
"583","8.WARD 8","2.BLOCK 2","559.19th Cross Road","Kanakagiri Hudco Vidyaranya Puram"
"584","8.WARD 8","2.BLOCK 2","560.20th Cross Road","Kanakagiri Hudco Vidyaranya Puram"
"585","8.WARD 8","2.BLOCK 2","561.21st Cross Road","Kanakagiri Hudco Vidyaranya Puram"
"586","8.WARD 8","2.BLOCK 2","562.22nd Cross Road","Kanakagiri Vidyaranya Puram"
"587","8.WARD 8","2.BLOCK 2","563.23rd Cross Road","Kanakagiri Vidyaranya Puram"
"588","8.WARD 8","2.BLOCK 2","564.24th Cross Road","Kanakagiri Vidyaranya Puram"
"589","8.WARD 8","2.BLOCK 2","565.25th Cross Road","Kanakagiri Vidyaranya Puram"
"590","8.WARD 8","2.BLOCK 2","566.26th Cross Road","Kanakagiri Vidyaranya Puram"
"591","8.WARD 8","2.BLOCK 2","567.1st Main Road","Bestara Block Sewage Farm Road ( 1C-7C)"
"592","8.WARD 8","2.BLOCK 2","568.2nd Main Road","Bestara Block Sewage Farm Road ( 1C-7C)"
"593","8.WARD 8","2.BLOCK 2","569.3rd Main Road","Kanakagiri Vidyaranya Puram"
"594","8.WARD 8","2.BLOCK 2","570.4th Main Road","Kanakagiri Vidyaranya Puram"
"595","8.WARD 8","2.BLOCK 2","571.5th MAin Road","Kanakagiri Vidyaranya Puram"
"596","8.WARD 8","2.BLOCK 2","572.6th Main Road","Kanakagiri Vidyaranya Puram"
"597","8.WARD 8","2.BLOCK 2","573.7th Main Road","Kanakagiri Vidyaranya Puram"
"598","8.WARD 8","2.BLOCK 2","574.8th Main Road","Kanakagiri Vidyaranya Puram"
"599","8.WARD 8","2.BLOCK 2","575.9th Main Road","Kanakagiri Vidyaranya Puram"
"600","8.WARD 8","2.BLOCK 2","576.10th Main Road","Hudco EWS Kanaka Giri Vidyaranya Puram"
"601","8.WARD 8","2.BLOCK 2","577.11th Main Road","2C Suyej Farm Vidyaranya Puram"
"602","8.WARD 8","2.BLOCK 2","578.12th Main Road","Behind Vrudhashrama Back Road Kanakagiri 1C Sewage Farm"
"603","8.WARD 8","2.BLOCK 2","579.3rd A Main Road","Kanakagiri Vidyaranya Puram"
"604","8.WARD 8","2.BLOCK 2","580.7th A Main Road","Kanakagiri Vidyaranya Puram"
"605","8.WARD 8","2.BLOCK 2","581.13th Main Road","Kanakagiri Hudco Vidyaranya Puram"
"606","8.WARD 8","2.BLOCK 2","582.14th Main Road","Kanakagiri Hudco Vidyaranya Puram"
"607","8.WARD 8","2.BLOCK 2","583.15th Main Road","Kanakagiri Hudco Vidyaranya Puram"
"608","8.WARD 8","2.BLOCK 2","584.16th Main Road","Kanakagiri Hudco Vidyaranya Puram"
"609","8.WARD 8","3.BLOCK 3","68.Nanjanagud Road","Nanjanagud Road"
"610","8.WARD 8","3.BLOCK 3","151.Harishchandra Burning Ghatt Road","Harishchandra Burning Ghatt Road"
"611","8.WARD 8","3.BLOCK 3","594.2nd A Cross Road","Datha Nagara"
"612","8.WARD 8","3.BLOCK 3","595.2nd B Cross Road","Datha Nagara"
"613","8.WARD 8","3.BLOCK 3","596.3rd Cross Road","Datha Nagara"
"614","8.WARD 8","3.BLOCK 3","597.4th Cross Road","Datha Nagara"
"615","8.WARD 8","3.BLOCK 3","598.5th Cross Road","Datha Nagara"
"616","8.WARD 8","3.BLOCK 3","599.1st Main Road","Datha Nagara"
"617","8.WARD 8","3.BLOCK 3","600.2nd Main Road","Datha Nagara"
"618","8.WARD 8","3.BLOCK 3","601.3rd Main Road","1C Datha Nagara"
"619","8.WARD 8","3.BLOCK 3","602.4th Main Road","2C Datha Nagara"
"620","8.WARD 8","3.BLOCK 3","603.5th Main Road","3C Datha Nagara"
"621","8.WARD 8","3.BLOCK 3","604.6th Main Road","4C Datha Nagara"
"622","8.WARD 8","3.BLOCK 3","605.7th Main Road","5C Datha Nagara"
"623","8.WARD 8","3.BLOCK 3","606.8th Main Road","Datha Nagara"
"624","8.WARD 8","3.BLOCK 3","607.9th Main Road","Datha Nagara"
"625","8.WARD 8","3.BLOCK 3","608.10th Main Road","Gowrishankara Nagara"
"626","8.WARD 8","3.BLOCK 3","610.11th A Main Road","Gowrishankara Nagara"
"627","8.WARD 8","3.BLOCK 3","611.12th Main Road","Datha Nagara"
"628","8.WARD 8","3.BLOCK 3","614.15th Main Road","Datha Nagara"
"629","8.WARD 8","3.BLOCK 3","615.16th Main Road","Datha Nagara"
"630","8.WARD 8","3.BLOCK 3","617.18th Main Road","Datha Nagara"
"631","8.WARD 8","3.BLOCK 3","621.South 6th Cross Road","Datha Nagara"
"632","8.WARD 8","4.BLOCK 4","68.Nanjanagud Road","Nanjanagud Road"
"633","8.WARD 8","4.BLOCK 4","621.South 6th Cross Road","Gowrishankara Nagara Main Road"
"634","8.WARD 8","4.BLOCK 4","626.1st Main Road","Gowrishankara Nagara"
"635","8.WARD 8","4.BLOCK 4","627.1st A Main Road","Gowrishankara Nagara"
"636","8.WARD 8","4.BLOCK 4","628.2nd Main Road","1C Gowrishankara Nagara"
"637","8.WARD 8","4.BLOCK 4","629.3rd Main Road","2C Gowrishankara Nagara"
"638","8.WARD 8","4.BLOCK 4","630.4th Main Road","3C Gowrishankara Nagara"
"639","8.WARD 8","4.BLOCK 4","631.5th Main Road","Gowrishankara Nagara Main Road"
"640","8.WARD 8","4.BLOCK 4","632.6th Main Road","Gowrishankara Nagara"
"641","8.WARD 8","4.BLOCK 4","633.7th Main Road","Gowrishankara Nagara"
"642","8.WARD 8","4.BLOCK 4","634.8th Main Road","Gowrishankara Nagara"
"643","8.WARD 8","4.BLOCK 4","635.9th Main Road","Gowrishankara Nagara"
"644","8.WARD 8","4.BLOCK 4","636.1st Cross Road","Gowrishankara Nagara"
"645","8.WARD 8","4.BLOCK 4","637.2nd Cross Road","Gowrishankara Nagara"
"646","8.WARD 8","4.BLOCK 4","638.3rd Cross Road","Gowrishankara Nagara"
"647","8.WARD 8","4.BLOCK 4","639.4th Cross Road","Gowrishankara Nagara"
"648","8.WARD 8","4.BLOCK 4","640.5th Cross Road","Gowrishankara Nagara"
"649","9.WARD 9","1.BLOCK 1","3.J L B Road","J L B Road"
"650","9.WARD 9","1.BLOCK 1","15.Naryana Shastri Road","Narayana Shastri Road"
"651","9.WARD 9","1.BLOCK 1","23.Ramanjua Road","Ramanuja Road"
"652","9.WARD 9","1.BLOCK 1","33.Sarvajanika Hostel Road","Sarvajanika Hostel Road"
"653","9.WARD 9","1.BLOCK 1","501.1st Main Rioad","1st Main Vidyaranya Puram"
"654","9.WARD 9","1.BLOCK 1","509.1st A Cross Road","1st Cross 1st Main Vidyaranya Puram"
"655","9.WARD 9","1.BLOCK 1","510.2nd Cross Road","1st Cross 1st Main Vidyaranya Puram"
"656","9.WARD 9","1.BLOCK 1","511.Saravajanika Hostel Road","1st Main 2nd Cross Vidyaranya Puram"
"657","9.WARD 9","1.BLOCK 1","512.3rd Cross Road","1st Main 3th Cross Vidyaranya Puram"
"658","9.WARD 9","1.BLOCK 1","513.4th Cross Road","1st Main 4th Cross Vidyaranya Puram"
"659","9.WARD 9","1.BLOCK 1","514.5th Cross Road","1st Main 5th Cross Vidyaranya Puram"
"660","9.WARD 9","1.BLOCK 1","515.6th Cross Road","1st Main 6th Cross Vidyaranya Puram"
"661","9.WARD 9","1.BLOCK 1","516.7th Cross Road","1st Main 7th Cross Vidyaranya Puram"
"662","9.WARD 9","1.BLOCK 1","517.8th Cross Road","1st Main 8th Cross Vidyaranya Puram"
"663","9.WARD 9","2.BLOCK 2","3.J L B Road","J L B Road"
"664","9.WARD 9","2.BLOCK 2","15.Naryana Shastri","Naryana Shastri Road"
"665","9.WARD 9","2.BLOCK 2","33.Saravajanika Hostel Road","Sarvajanika Hostel Road"
"666","9.WARD 9","2.BLOCK 2","34.T V Srinivas Road","T V Srinivasa Rao Road"
"667","9.WARD 9","2.BLOCK 2","61.Vidyaranyapurm Road","Vidyaranyapurm Road 16th Cross Road"
"668","9.WARD 9","2.BLOCK 2","502.2nd Main Road","2nd Main 12th Cross Vidyaranya Puram"
"669","9.WARD 9","2.BLOCK 2","503.3rd Main Road","2nd Main 13th Cross Vidyaranya Puram"
"670","9.WARD 9","2.BLOCK 2","504.1sr Main Road","3rd Main Vidyaranya Puram"
"671","9.WARD 9","2.BLOCK 2","518.1st Cross Road","3rd Main 1st Cross Vidyaranya Puram"
"672","9.WARD 9","2.BLOCK 2","519.2nd Cross Road","2nd Main 1st Cross Vidyaranya Puram"
"673","9.WARD 9","2.BLOCK 2","520.3rd Cross Road","2nd Main 2nd Cross Vidyaranya Puram"
"674","9.WARD 9","2.BLOCK 2","521.4th Cross Road","2nd Main 3rd Cross Vidyaranya Puram"
"675","9.WARD 9","2.BLOCK 2","522.5th Cross Road","2nd Main 4th Cross Vidyaranya Puram"
"676","9.WARD 9","2.BLOCK 2","523.6th Cross Road","2nd Main 5th Cross Vidyaranya Puram"
"677","9.WARD 9","2.BLOCK 2","524.8th Cross Road","2nd Main 6th Cross Vidyaranya Puram"
"678","9.WARD 9","2.BLOCK 2","525.9th Cross Road","2nd Main 7th Cross Vidyaranya Puram"
"679","9.WARD 9","2.BLOCK 2","526.10th Cross Road","2nd Main 8th Cross Vidyaranya Puram"
"680","9.WARD 9","2.BLOCK 2","527.11th Cross Road","2nd Main 9th Cross Vidyaranya Puram"
"681","9.WARD 9","2.BLOCK 2","528.12th Cross Road","2nd Main 10th Cross Vidyaranya Puram"
"682","9.WARD 9","2.BLOCK 2","529.13th Cross Road","2nd Main Cross Road Vidyaranya Puram"
"683","9.WARD 9","2.BLOCK 2","531.15th Cross Road","2nd Main 10th Cross Vidyaranya Puram"
"684","9.WARD 9","2.BLOCK 2","532.16th Cross Road","2nd Main 12th Main Road Vidyaranya Puram"
"685","9.WARD 9","2.BLOCK 2","533.17th Cross Road","2nd Main 13th Main Road Vidyaranya Puram"
"686","9.WARD 9","3.BLOCK 3","1.3rd Main Road","J L B Road"
"687","9.WARD 9","3.BLOCK 3","3.J L B Road","J L B Road"
"688","9.WARD 9","3.BLOCK 3","33.Sarva Janika Hastel Road","Sarvajanika Hostel Road"
"689","9.WARD 9","3.BLOCK 3","34.T V Srinivas Road","T V Srinivasa Rao Road"
"690","9.WARD 9","3.BLOCK 3","507.2nd A Cross Road","5th Main Vidyaranyapuram"
"691","9.WARD 9","3.BLOCK 3","534.1st Cross Road","4th Main 1st Cross Vidyaranyapuram"
"692","9.WARD 9","3.BLOCK 3","535.2nd Cross Road","4th Main 2nd Cross Vidyaranyapuram"
"693","9.WARD 9","3.BLOCK 3","537.3rd Cross Road","4th Main 3rd Cross Vidyaranyapuram"
"694","9.WARD 9","3.BLOCK 3","538.4th Cross Road","4th Main 4th Cross Vidyaranyapuram"
"695","9.WARD 9","3.BLOCK 3","539.5th Cross Road","4th Main 5th Cross Vidyaranyapuram"
"696","9.WARD 9","3.BLOCK 3","540.6th Cross Road","4th Main 6th Cross Vidyaranyapuram"
"697","10.WARD 10","1.BLOCK 1","33.Sarvajanika Hostal Road","Sarvajanika Hostel Road"
"698","10.WARD 10","1.BLOCK 1","34.T V Srinivasa Rao Road","T V Srinivasa Rao Road"
"699","10.WARD 10","1.BLOCK 1","61.Vidyaranya Puram Road","4th Main 16th Cross Vidyaranyapuram"
"700","10.WARD 10","1.BLOCK 1","501.1st Main Road","1st Main Vidyaranyapuram"
"701","10.WARD 10","1.BLOCK 1","503.4th Main Road","2nd Main Sarvajanika Hostel Road"
"702","10.WARD 10","1.BLOCK 1","504.5th Main Road","3rd Main Road Sarvajanika Hostel Road"
"703","10.WARD 10","1.BLOCK 1","525.525",""
"704","10.WARD 10","1.BLOCK 1","526.1st Cross Road","4th Main 7th Cross Vidyaranyapuram"
"705","10.WARD 10","1.BLOCK 1","527.1st A Cross Road","4th Main 8th Cross Vidyaranyapuram"
"706","10.WARD 10","1.BLOCK 1","528.2nd Cross Road","4th Main 8th Cross Vidyaranyapuram"
"707","10.WARD 10","1.BLOCK 1","529.3rd Cross Road","4th Main 9th Cross Vidyaranyapuram"
"708","10.WARD 10","1.BLOCK 1","530.4th Cross Road","4th Main 10th Cross Vidyaranyapuram"
"709","10.WARD 10","1.BLOCK 1","531.5th Cross Road","4th Main 11th Cross Vidyaranyapuram"
"710","10.WARD 10","1.BLOCK 1","532.6th Cross Road","4th Main 12th Cross Vidyaranyapuram"
"711","10.WARD 10","1.BLOCK 1","533.7th Cross Road","4th Main 13th Cross Vidyaranyapuram"
"712","10.WARD 10","1.BLOCK 1","534.8th Cross Road","4th Main 14th Cross Vidyaranyapuram"
"713","10.WARD 10","2.BLOCK 2","33.Sarvajanika Hostel Road","Sarvajanika Hostel Road"
"714","10.WARD 10","2.BLOCK 2","61.Vidyaranya Purm Road","Vidyaranya Purm Road 16rh Cross 4th Main"
"715","10.WARD 10","2.BLOCK 2","506.2nd MainRoad","Chamundi Vanada 1st Cross"
"716","10.WARD 10","2.BLOCK 2","508.4th Main Road","Chamundi Vanada 2nd Cross"
"717","10.WARD 10","2.BLOCK 2","535.1st Cross Road","4th Main 1st Cross Sarvajanika Hostel Road Vidyaranyapuram"
"718","10.WARD 10","2.BLOCK 2","536.2nd Cross Road","5th Main 2nd Cross Vidyaranya Puram"
"719","10.WARD 10","2.BLOCK 2","537.3rd Cross Road","5th Main Road 3rd Main Road Vidyaranyapuram"
"720","10.WARD 10","2.BLOCK 2","538.4th Cross Road","5th Main Road 4th Main Road Vidyaranyapuram"
"721","10.WARD 10","2.BLOCK 2","539.5th Cross Road","5th Main 5th Cross Vidyaranyapuram"
"722","10.WARD 10","2.BLOCK 2","540.6th Cross Road","5th Main 6th Cross Vidyaranyapuram"
"723","10.WARD 10","2.BLOCK 2","541.7th Cross Road","5th Main 7th Cross Milk Centre Road Vidyaranyapuram"
"724","10.WARD 10","2.BLOCK 2","556.West 3rd Cross Road","5th Main Road Vidyaranyapuram"
"725","10.WARD 10","2.BLOCK 2","558.3rd Main Road","4th Main Sarvajanika Hostel Road"
"726","10.WARD 10","3.BLOCK 3","1.MANANDAVADI ROAD","Manandavadi Road"
"727","10.WARD 10","3.BLOCK 3","33.Sarvajanika Hostel Road","Sarvajanika Hostel Road"
"728","10.WARD 10","3.BLOCK 3","61.Vidyaranya Puram Road","Vidyaranya Purm Road 16rh Cross 4th Main"
"729","10.WARD 10","3.BLOCK 3","511.1st Main Road","1st Stage 1st Main Indurstrial Sabarb Vidyaranyapuram"
"730","10.WARD 10","3.BLOCK 3","512.2nd Main Road","6th Main Road Vidyaranyapuram"
"731","10.WARD 10","3.BLOCK 3","513.3rd Main Road","1st StageVishveswaraiah Nagara"
"732","10.WARD 10","3.BLOCK 3","515.5th Main Road","6th Main Road 1st Stage Vishweshwara Nagara"
"733","10.WARD 10","3.BLOCK 3","516.5th A Main Road","Conservancy"
"734","10.WARD 10","3.BLOCK 3","517.6th Main Road","7th Main Road 1st Stage Vishweshwara Nagara"
"735","10.WARD 10","3.BLOCK 3","518.6th A Main Road","Conservancy"
"736","10.WARD 10","3.BLOCK 3","519.8th Main Road","8th Main Vidyaranyapuram"
"737","10.WARD 10","3.BLOCK 3","521.13th Main Road","8th Main Road Vidyaranyapuram"
"738","10.WARD 10","3.BLOCK 3","522.11th Main Road","2nd Main Road Milk Centre Road Vidyaranyapuram"
"739","10.WARD 10","3.BLOCK 3","524.14th Main Road","1st Cross Milk Centre Road Vidyaranyapuram"
"740","10.WARD 10","3.BLOCK 3","525.14th A Main Road","1st Cross Milk Centre Road Vidyaranyapuram"
"741","10.WARD 10","3.BLOCK 3","543.1st Cross Road","7th Main 1st Cross Vidyaranyapuram"
"742","10.WARD 10","3.BLOCK 3","545.3rd Cross road","7th Main 2nd Cross Vidyaranyapuram"
"743","10.WARD 10","3.BLOCK 3","546.4th Cross Road","7th Main 3rd Cross Vidyaranyapuram"
"744","10.WARD 10","3.BLOCK 3","547.5th Cross Road","7th Main 4th Cross Vidyaranyapuram"
"745","10.WARD 10","3.BLOCK 3","549.5th D Cross Road","7th Main 5th Cross Vidyaranyapuram"
"746","10.WARD 10","3.BLOCK 3","550.6th Cross Road","5th Main 7th Cross Milk Center Road"
"747","10.WARD 10","3.BLOCK 3","552.5th C Cross Road","8th Main 8th Cross Vidyaranyapuram"
"748","10.WARD 10","3.BLOCK 3","554.7th Cross Road","Park Road Indurstrial Sabarb Vishveshwara Nagara 1st Stage"
"749","10.WARD 10","3.BLOCK 3","556.West 3rd Cross Road","5th Main Sarvajanika Hostel Road"
"750","10.WARD 10","3.BLOCK 3","559.1st A Main Road","1st Stage Vishweshwara Nagara"
"751","10.WARD 10","3.BLOCK 3","560.7th Main Road","7th Main Road Subramanya Temple Road"
"752","10.WARD 10","3.BLOCK 3","561.9th Main Road","8th Main Vidyaranyapuram"
"753","11.WARD 11","1.BLOCK 1","35.Sterling Theatre Road","Sterling Theater Road"
"754","11.WARD 11","1.BLOCK 1","61.Vidyaranyapuram Raod","16th Cross 4th Main Vidyaranyapuram"
"755","11.WARD 11","1.BLOCK 1","142.V V puram road to kalyanamantp road","Kalyanamantap Road"
"756","11.WARD 11","1.BLOCK 1","143.Kalyana Mantap Road","4th Main 30th Cross Vidyaranyapuram"
"757","11.WARD 11","1.BLOCK 1","501.A Main Cross Road","4th Main 26th Cross Road Vidyaranyapuram"
"758","11.WARD 11","1.BLOCK 1","502.C Main Cross Road","4th Main 24th Cross Vidyaranyapuram"
"759","11.WARD 11","1.BLOCK 1","503.1st Main Road","4th Main 16th Cross Vidyaranyapuram"
"760","11.WARD 11","1.BLOCK 1","504.2nd Main Road","4th Main 17th Cross Vidyaranyapuram"
"761","11.WARD 11","1.BLOCK 1","505.3rd Main Road","4th Main Vidyaranyapuram"
"762","11.WARD 11","1.BLOCK 1","506.4th Main Road","2nd Stage Indurstrial Subrub"
"763","11.WARD 11","1.BLOCK 1","515.1st Cross Road","4th Main 17th Cross Road Vidyaranyapuram"
"764","11.WARD 11","1.BLOCK 1","517.517 - 13M","4th Main 26th Cross Vidyaranyapuram"
"765","11.WARD 11","1.BLOCK 1","518.518-1c","4th Main Vidyaranyapuram"
"766","11.WARD 11","1.BLOCK 1","519.2nd Cross Road","4th Main 18th Cross Vidyaranyapuram"
"767","11.WARD 11","1.BLOCK 1","520.2nd A Cross Road","4th Main 18th Cross Dollers Colony Vidyaranyapuram"
"768","11.WARD 11","1.BLOCK 1","521.3rd Cross Road","4th Main 19th Cross Vidyaranya puram"
"769","11.WARD 11","1.BLOCK 1","522.4th Cross Road","4th Main 20th Cross Vidyaranya puram"
"770","11.WARD 11","1.BLOCK 1","523.5th Cross Road","4th Main 21th Cross Vidyaranya puram"
"771","11.WARD 11","1.BLOCK 1","524.6th Cross Road","4th main 22nd Cross Vidyaranya puram"
"772","11.WARD 11","1.BLOCK 1","525.7th Cross Road","4th Main 23 Cross Vidyaranya puram"
"773","11.WARD 11","1.BLOCK 1","527.8th Cross Road","4th Main 24 A Cross Vidyaranya puram"
"774","11.WARD 11","1.BLOCK 1","528.3rd A Cross Road","4th Main 24th Cross Vidyaranya puram"
"775","11.WARD 11","1.BLOCK 1","529.9th Cross Road","4th Main 25th Cross Vidyaranya puram"
"776","11.WARD 11","1.BLOCK 1","530.10th Cross Road","4th Main 26 A Cross Vidyaranya puram"
"777","11.WARD 11","1.BLOCK 1","531.110th Cross Road","4th Main 27th Cross Vidyaranya puram"
"778","11.WARD 11","1.BLOCK 1","532.11th Cross Road","4th Main 28th Cross Vidyaranya puram"
"779","11.WARD 11","1.BLOCK 1","533.11th A Cross Road","4th Main 29th Cross Vidyaranya puram"
"780","11.WARD 11","1.BLOCK 1","561.561-5AC","4th Main 19th Cross Vidyaranya puram"
"781","11.WARD 11","1.BLOCK 1","566.3rd A Main Road","4th Main 28th A Cross Vidyaranya puram"
"782","11.WARD 11","2.BLOCK 2","35.Sterling Theatre Road","Sterling Theater Road"
"783","11.WARD 11","2.BLOCK 2","61.Vidyaranyapuram Road","Vidyaranya puram Main Road"
"784","11.WARD 11","2.BLOCK 2","89.Sterling Theator Road to Manandavadi Road","Satar lines theater to Manandavadi Road ( Link Road)"
"785","11.WARD 11","2.BLOCK 2","509.3rd Main Road","2nd Stage Visweshwara nagara"
"786","11.WARD 11","2.BLOCK 2","510.4th Main Road","2nd Stage Visweshwara nagara Indurstrial Subrub"
"787","11.WARD 11","2.BLOCK 2","511.4th A Main Road","2nd Stage C.I.T.B Colony Sampigemarga 3rd Cross"
"788","11.WARD 11","2.BLOCK 2","512.6th Main Road","Indurstrial Subrub 6th Main"
"789","11.WARD 11","2.BLOCK 2","513.5th Main road","Indurstrial Subrub 6th Main"
"790","11.WARD 11","2.BLOCK 2","534.2nd Cross Road","1st Stage Vishweshwara Nagara 2nd Cross"
"791","11.WARD 11","2.BLOCK 2","535.3nd Cross Road","1st Stage Vishweshwara Nagara 3nd Cross"
"792","11.WARD 11","2.BLOCK 2","536.4th Main Cross Road","1st Stage V Nagara Shri Gayithri Shankara Mandira Road"
"793","11.WARD 11","2.BLOCK 2","537.5th Cross Road","2nd Stage V Nagara Indurstrial Subrub"
"794","11.WARD 11","2.BLOCK 2","538.6th Cross Road","2nd Stage V Nagara Indurstrial Subrub"
"795","11.WARD 11","2.BLOCK 2","539.7th Cross Road","2nd Stage 7th Cross Vishweshwara nagara Indurstrial Subrub"
"796","11.WARD 11","2.BLOCK 2","540.8th Cross Road","2nd Stage Indurstrial Sabarb Mysore South"
"797","11.WARD 11","2.BLOCK 2","541.541-8AC","2nd Stage Vishweshwara Nagara C.I.T.B Colony Jaji Marga 1st Cross"
"798","11.WARD 11","2.BLOCK 2","542.9th Cross Road","9th Cross Vishweshwara Nagara Indurstrial Subrub"
"799","11.WARD 11","2.BLOCK 2","562.West 4th Main Road","1st Stage Vishweshwara Nagara"
"800","11.WARD 11","2.BLOCK 2","565.1st Cross Road","1st Stage Vishweshwara Nagara 1st Cross"
"801","11.WARD 11","2.BLOCK 2","575.8th B Main road","C.I.T.B Colony Malligemarga 4th Cross"
"802","11.WARD 11","2.BLOCK 2","576.576","2nd Stage V Nagara C.I.T.B. Colony Gulabi Marga 2nd Cross"
"803","11.WARD 11","3.BLOKC 3","1.Manandavadi Road","Manandavadi Road"
"804","11.WARD 11","3.BLOKC 3","61.Vidyaranyapuram Road","16th Cross 4th Main Vidyaranyapuram"
"805","11.WARD 11","3.BLOKC 3","89.Sterling Theatre Road to Manandavadi Road","Sterling theater Road Manandavadi Road (Link Road)"
"806","11.WARD 11","3.BLOKC 3","114.Railway Workshop Road","Railway Property"
"807","11.WARD 11","3.BLOKC 3","516.1st A Main Road","1st A Main 3rd Stage Industrial Subrub"
"808","11.WARD 11","3.BLOKC 3","544.1st Cross Road","Industrial SabarbVishweshwara Nagara"
"809","11.WARD 11","3.BLOKC 3","545.2nd Cross Road","2nd Stage Vishweshwara Nagara"
"810","11.WARD 11","3.BLOKC 3","546.3rd Cross Road","3rd Stage Vishweshwara Nagara Industrial Subrub"
"811","11.WARD 11","3.BLOKC 3","547.4th Cross Road","Vishweshwara nagara 2nd Stage Viworks colony"
"812","11.WARD 11","3.BLOKC 3","548.5th Cross Road","Vishweshwara nagara 2nd Stage Viworks colony"
"813","11.WARD 11","3.BLOKC 3","549.6th Cross Road","Vishweshwara nagara 2nd Stage Viworks colony"
"814","11.WARD 11","3.BLOKC 3","550.7th Cross Road","Vishweshwara nagara 2nd Stage Viworks colony"
"815","11.WARD 11","3.BLOKC 3","551.8th Cross Road","Viworks Colony Godavari Marga 3rd Cross"
"816","11.WARD 11","3.BLOKC 3","552.9th Cross Road","Viwaorks Colony 4th Cross"
"817","11.WARD 11","3.BLOKC 3","553.10th Main Road","Viworks Gangamarga 5th Cross"
"818","11.WARD 11","3.BLOKC 3","554.11th Cross Road","Viworks Colony Suvarnavathi Marga 6th Cross"
"819","11.WARD 11","3.BLOKC 3","555.12th Cross Road","2nd Stage V. Nagara Housing Board Colony Sharavathi Marga 5th Cross"
"820","11.WARD 11","3.BLOKC 3","556.13th Cross Road","Housing Board Colony Kapila Marga 3rd Cross"
"821","11.WARD 11","3.BLOKC 3","557.14th Cross Road","Houseing Board Colony 3nd Cross Kaveri Marga"
"822","11.WARD 11","3.BLOKC 3","558.18th Cross Road","Houseing Board Colony Hemavathi Marga 2nd Cross"
"823","11.WARD 11","3.BLOKC 3","559.16th Cross Road","Houseing Board Colony Nethravathi Marga 1st Cross"
"824","11.WARD 11","3.BLOKC 3","560.17th Cross Road","Houseing Board Colony Thungabhadra Marga"
"825","11.WARD 11","3.BLOKC 3","562.Rama Krishnnyya 4th Main Road","Ramakrishna Nagar 4th Road"
"826","11.WARD 11","3.BLOKC 3","564.564","Railway Property"
"827","11.WARD 11","3.BLOKC 3","567.4th A Main Road","Railway Property"
"828","11.WARD 11","3.BLOKC 3","569.9th A Cross Road","9th Cross Industrial Subrub"
"829","12.WARD 12","1.BLOCK 1","35.Sterling Theatre Road","Sterling Theatre Road"
"830","12.WARD 12","1.BLOCK 1","89.Sterling Theater Road to Manandavadi Road","Link Road J P Nagara"
"831","12.WARD 12","1.BLOCK 1","143.Kalyana Mantap Road","Kalyanamantap Road"
"832","12.WARD 12","1.BLOCK 1","501.1st Main Road","D Devaraja urs Colony 2nd Stage Indurstrial Subrub Vishveshwara Nagara"
"833","12.WARD 12","1.BLOCK 1","502.1st A Main Road","4th Main 3rd Cross Indurstrial Suburb Vishveshwara Nagara"
"834","12.WARD 12","1.BLOCK 1","503.2nd Main Road","D Devaraja urs Colony 2nd Stage Indurstrial Subrub Vishveshwara Nagara"
"835","12.WARD 12","1.BLOCK 1","504.3rd Main Road","D Devaraja urs Colony 2nd Stage Indurstrial Subrub Vishveshwara Nagara"
"836","12.WARD 12","1.BLOCK 1","505.4th Main Road","D Devaraja urs Colony 2nd Stage Indurstrial Subrub Vishveshwara Nagara"
"837","12.WARD 12","1.BLOCK 1","506.5th Main Road","D Devaraja urs Colony 2nd Stage Indurstrial Subrub Vishveshwara Nagara"
"838","12.WARD 12","1.BLOCK 1","507.6th Main Road","D Devaraja urs Colony 2nd Stage Indurstrial Subrub Vishveshwara Nagara"
"839","12.WARD 12","1.BLOCK 1","508.6th A Main Road","4th Main 30th Cross 2nd Stage Indurstrial Subrub Vishveshwara Nagara"
"840","12.WARD 12","1.BLOCK 1","509.6th B Main Road","4th Main 30th Cross 2nd Stage Indurstrial Subrub Vishveshwara Nagara"
"841","12.WARD 12","1.BLOCK 1","510.510 - 7 M",""
"842","12.WARD 12","1.BLOCK 1","512.7th C Main Road","2nd Main Dharam Sing Colony Vishveshwara Nagara"
"843","12.WARD 12","1.BLOCK 1","513.1st Cross Road","4th Main 31st Cross 2nd Stage Indurstrial Subrub Vishveshwara Nagara"
"844","12.WARD 12","1.BLOCK 1","514.2nd Cross Road","4th Main 32nd Cross 2nd Stage Indurstrial Subrub Vishveshwara Nagara"
"845","12.WARD 12","1.BLOCK 1","515.3rd Cross Road","4th Main 33rd Cross 2nd Stage IndurstrialSubrub Vishveshwara Nagara"
"846","12.WARD 12","1.BLOCK 1","516.7th Main Road","4th Main 30th Cross Vidhyaranya Puram"
"847","12.WARD 12","1.BLOCK 1","517.4th Cross Road","Industrial Subrub 2nd Stage Vishweshwara Nagara"
"848","12.WARD 12","1.BLOCK 1","518.5th Cross Road","Industrial Subrub 2nd Stage Vishweshwara Nagara"
"849","12.WARD 12","2.BLOCK 2","35.Sterling Theatre Road","Akkamahadevi Road"
"850","12.WARD 12","2.BLOCK 2","89.Sterling Theater Road to Manandavadi Road","Link Road"
"851","12.WARD 12","2.BLOCK 2","519.1st Main Road","Nachanahalli Kuppaluru 3rd Stage"
"852","12.WARD 12","2.BLOCK 2","520.2nd Main Road","Nachanahalli Kuppaluru 3rd Stage"
"853","12.WARD 12","2.BLOCK 2","522.4th Main Road","2Nd Cross ' F' Block J P Nagar"
"854","12.WARD 12","2.BLOCK 2","523.5th Main Road","3rd Cross ' F' Block J P Nagar"
"855","12.WARD 12","2.BLOCK 2","524.6th Main Road","4rh Cross ' F' Block J P Nagar"
"856","12.WARD 12","2.BLOCK 2","525.7th Main Road5","5th Cross 'C' Block J P Nagar"
"857","12.WARD 12","2.BLOCK 2","526.8th Main Road","6th Cross 'C' Block J P Nagar"
"858","12.WARD 12","2.BLOCK 2","527.9th Main Road","7th Cross 'C' Block J P Nagar"
"859","12.WARD 12","2.BLOCK 2","528.10th Main Road","8th Cross 'C' Block J P Nagar"
"860","12.WARD 12","2.BLOCK 2","529.11th Main Road","9th Cross 'C' Block J P Nagar"
"861","12.WARD 12","2.BLOCK 2","533.4th Cross Road","4th Main 'C' Block J P Nagar"
"862","12.WARD 12","2.BLOCK 2","534.5th Cross Road","6th Main 'C' Block J P Nagar"
"863","12.WARD 12","2.BLOCK 2","535.6th Cross Road","7th Cross 7th Main 'C' Block J P Nagar"
"864","12.WARD 12","2.BLOCK 2","536.7th Cross Road","7th 'A' Main Road 'C' Block J P Nagar"
"865","12.WARD 12","2.BLOCK 2","537.8th Cross Road","8th Main Road 'C' Block J P Nagar"
"866","12.WARD 12","2.BLOCK 2","538.8th A Cross Road","9th Main Road 'F' Block J P Nagar"
"867","12.WARD 12","2.BLOCK 2","774.774",""
"868","12.WARD 12","2.BLOCK 2","776.776",""
"869","12.WARD 12","2.BLOCK 2","779.10th Cross Road","10th Main 'F' Block J P Nagar"
"870","12.WARD 12","2.BLOCK 2","782.782",""
"871","12.WARD 12","2.BLOCK 2","783.9th Cross Road","9th Main Road 'C' Block J P Nagar"
"872","12.WARD 12","3.BLOCK 3","35.Steling Theatre Road","Akkamahadevi Road A & B Block"
"873","12.WARD 12","3.BLOCK 3","81.G S Rameshwar Road","G.S.Rameshware Road Nachanahalli Palya J P Nagar"
"874","12.WARD 12","3.BLOCK 3","89.Sterling Theater Road to Mananda Vadi Road","Sterling Theatre Road To Manandavadi Raod, Link Road J P Nagar"
"875","12.WARD 12","3.BLOCK 3","539.8th Main Road","11th Cross 'B' Block J P Nagar"
"876","12.WARD 12","3.BLOCK 3","540.8th A Main Road","1st Main J P Nagar 'A' Block"
"877","12.WARD 12","3.BLOCK 3","541.1st Main Road","1st Main 'A' Block J P Nagar"
"878","12.WARD 12","3.BLOCK 3","542.9th Main Road","12th Cross 'B' Block J P Nagar"
"879","12.WARD 12","3.BLOCK 3","543.2nd Main Road","12th Cross 'A' Block J P Nagar"
"880","12.WARD 12","3.BLOCK 3","544.10th Main Road","13th Cross 'B' Block J P Nagar"
"881","12.WARD 12","3.BLOCK 3","546.11th Main Road","13th Cross 'B' Block J P Nagar"
"882","12.WARD 12","3.BLOCK 3","547.3rd Main Road","13th Cross Road 'A' Block J P Nagar"
"883","12.WARD 12","3.BLOCK 3","548.12th Main Road","6th Main 15th Cross 'B' Block J P Nagar"
"884","12.WARD 12","3.BLOCK 3","549.4th Main Road","18th Cross ' B' Block J P Nagar"
"885","12.WARD 12","3.BLOCK 3","550.13th Main Road","6th Main 16th Cross 'B' Block J P Nagar"
"886","12.WARD 12","3.BLOCK 3","551.13th A Main Road","Hosur J P Nagar"
"887","12.WARD 12","3.BLOCK 3","553.5th Main Road","15th Cross 'A' Block J P Nagar"
"888","12.WARD 12","3.BLOCK 3","554.14th Main Road","6th Main 17th Cross 'B' Block J P Nagar"
"889","12.WARD 12","3.BLOCK 3","555.6th Main Road","16th Cross Road 'A' Block J P Nagar"
"890","12.WARD 12","3.BLOCK 3","556.15th Main Road","18th Cross ' B' Block J P Nagar"
"891","12.WARD 12","3.BLOCK 3","557.7th Main Road","17th Cross Road 'A' Block J P Nagar"
"892","12.WARD 12","3.BLOCK 3","558.16th Main Road","18th Cross 'B' Block J P Nagar"
"893","12.WARD 12","3.BLOCK 3","559.16th B Main Road","19th Cross Road J P Nagar Mysore"
"894","12.WARD 12","3.BLOCK 3","560.17th Main Road","2nd Cross To 9th Cross Janata Layout J P Nagar"
"895","12.WARD 12","3.BLOCK 3","561.16th A Main Road","18th Cross Road 'A' Block J P Nagar"
"896","12.WARD 12","3.BLOCK 3","562.1st Cross Road","11th Main Road 'A' Block J P Nagar"
"897","12.WARD 12","3.BLOCK 3","563.2nd Cross Road","18th Cross Road 2nd Main 'A' Block J P Nagar"
"898","12.WARD 12","3.BLOCK 3","565.3rd A Cross Road","5th Main 'A' Block J P Nagar"
"899","12.WARD 12","3.BLOCK 3","566.4th Cross Road","5th Main 'A' Block J P Nagar"
"900","12.WARD 12","3.BLOCK 3","567.5th Cross Road","5th Main 'A' Block J P Nagar"
"901","12.WARD 12","3.BLOCK 3","568.4th A Cross Road","6th Main 12th Cross 'B' Block J P Nagar"
"902","12.WARD 12","3.BLOCK 3","569.6th Cross Road","1st Cross Janata layout J P Nagar"
"903","12.WARD 12","3.BLOCK 3","570.7th Cross Road","2nd Cross Janata layout J P Nagar"
"904","12.WARD 12","3.BLOCK 3","571.8th Cross Road","3rd Cross Janata layout J P Nagar"
"905","12.WARD 12","3.BLOCK 3","572.9th Cross Road","18th Cross 'B' Block J P Nagar"
"906","12.WARD 12","3.BLOCK 3","573.10th Cross Road","4th Cross Janata layout J P Nagar"
"907","12.WARD 12","3.BLOCK 3","574.11th Cross Road","3C Hosur & 5th Cross Janata layout J P Nagar"
"908","12.WARD 12","3.BLOCK 3","575.12th Cross Road","6th Cross Janata layout J P Nagar"
"909","12.WARD 12","3.BLOCK 3","576.12th A Cross Road","2nd Cross Hosur J P Nagar"
"910","12.WARD 12","3.BLOCK 3","577.13th Cross Road","7th Cross Janata layout J P Nagar"
"911","12.WARD 12","3.BLOCK 3","578.13th A Cross Road","1st Cross Hosur J P Nagar"
"912","12.WARD 12","3.BLOCK 3","579.14th Cross Road","8th Cross Janata layout J P Nagar"
"913","12.WARD 12","3.BLOCK 3","580.14th A Cross Road","9th Main Road 'B' Block J P Nagar"
"914","12.WARD 12","3.BLOCK 3","581.15th Cross Road","9th Cross Janata layout J P Nagar"
"915","12.WARD 12","3.BLOCK 3","743.743",""
"916","12.WARD 12","3.BLOCK 3","771.5th A Cross Road","13th Cross 'B' Block J P Nagar"
"917","12.WARD 12","3.BLOCK 3","779.16th Cross Road","10th Main 'B' Block J P Nagar"
"918","12.WARD 12","4.BLOCK 4","1.Manandavadi Road","Manandavadi Road"
"919","12.WARD 12","4.BLOCK 4","81.G S Rameshwar Road","G.S.Rameshware Road"
"920","12.WARD 12","4.BLOCK 4","89.Sterling Theater Road to Manandavadi Road","Link Road"
"921","12.WARD 12","4.BLOCK 4","582.1st Main Road","Nachanahalli palya 2nd Stage J P Nagar"
"922","12.WARD 12","4.BLOCK 4","583.2nd Main Road","Nachanahalli palya 2nd Stage J P Nagar"
"923","12.WARD 12","4.BLOCK 4","584.3rd Main Road","Nachanahalli palya 2nd Stage J P Nagar"
"924","12.WARD 12","4.BLOCK 4","586.4th Main Road","Nachanahalli palya 2nd Stage J P Nagar"
"925","12.WARD 12","4.BLOCK 4","589.1st Cross Road","1st Cross Old Nachanahalli palya J P Nagar"
"926","12.WARD 12","4.BLOCK 4","590.2nd Cross Road","2nd Cross Old Nachanahalli palya J P Nagar"
"927","12.WARD 12","4.BLOCK 4","591.3rd Cross Road","3rd Cross Old Nachanahalli palya J P Nagar"
"928","12.WARD 12","4.BLOCK 4","592.4th Cross Road","4th Cross Old Nachanahalli palya J P Nagar"
"929","12.WARD 12","4.BLOCK 4","593.5th Cross Road","5th Cross Old Nachanahalli palya J P Nagar"
"930","12.WARD 12","4.BLOCK 4","594.6th Cross Road","6th Cross Old Nachanahalli palya J P Nagar"
"931","12.WARD 12","4.BLOCK 4","595.7th Cross Road","7th Cross Old Nachanahalli palya J P Nagar"
"932","12.WARD 12","4.BLOCK 4","596.8th Cross Road","8th Cross Old Nachanahalli palya J P Nagar"
"933","12.WARD 12","4.BLOCK 4","597.9th Cross Road","9th Cross Old Nachanahalli palya J P Nagar"
"934","12.WARD 12","4.BLOCK 4","598.10th Cross Road","10th Cross Old Nachanahalli palya J P Nagar"
"935","12.WARD 12","4.BLOCK 4","600.12th Cross Road","Nachanahalli palya 2nd Stage J P Nagar"
"936","12.WARD 12","4.BLOCK 4","601.13th Cross Road","Nachanahalli palya 2nd Stage J P Nagar"
"937","12.WARD 12","4.BLOCK 4","602.14th Cross Road","Nachanahalli palya 2nd Stage J P Nagar"
"938","12.WARD 12","4.BLOCK 4","603.14th A Cross Road","Nachanahalli palya 2nd Stage J P Nagar"
"939","12.WARD 12","4.BLOCK 4","604.15th Cross Road","21st Main 2nd Stage J P Nagar Nachanahalli palya"
"940","12.WARD 12","4.BLOCK 4","605.17th Cross Road","Nachanahalli palya 2nd Stage J P Nagar"
"941","12.WARD 12","4.BLOCK 4","606.18th Cross Road","Nachanahalli palya 2nd Stage J P Nagar"
"942","12.WARD 12","4.BLOCK 4","607.8th Main Road","Nachanahalli palya 2nd Stage J P Nagar"
"943","12.WARD 12","4.BLOCK 4","608.4th A Main Road","Nachanahalli palya 2nd Stage J P Nagar"
"944","12.WARD 12","4.BLOCK 4","609.5th Main Road","Nachanahalli palya 2nd Stage J P Nagar"
"945","12.WARD 12","4.BLOCK 4","672.6th Main Road","Nachanahalli palya 2nd Stage J P Nagar"
"946","12.WARD 12","4.BLOCK 4","721.721",""
"947","12.WARD 12","4.BLOCK 4","744.744",""
"948","12.WARD 12","4.BLOCK 4","748.748 - 8 E C",""
"949","12.WARD 12","4.BLOCK 4","753.753 - 9 C C",""
"950","12.WARD 12","4.BLOCK 4","759.16th Cross Road","Nachanahalli palya J P Nagar"
"951","12.WARD 12","4.BLOCK 4","773.6th A Cross Road","Nachanahalli palya J P Nagar"
"952","12.WARD 12","4.BLOCK 4","774.9th A Cross Road","Nachanahalli palya J P Nagar"
"953","12.WARD 12","4.BLOCK 4","779.16th A Cross Road","10th Main J P Nagar"
"954","12.WARD 12","4.BLOCK 4","785.J.P Nagar",""
"955","12.WARD 12","5.BLOCK 5","35.Sterling Theatre Road","Akkamahadevi Road"
"956","12.WARD 12","5.BLOCK 5","611.3rd Main Road","1st Cross Kandaya Colony J P Nagar"
"957","12.WARD 12","5.BLOCK 5","612.4th Main Road","1st Cross Nachanahalli Kupaluru 3rd Stage"
"958","12.WARD 12","5.BLOCK 5","613.5th Main Road","2nd Cross 2nd Stage J P Nagar"
"959","12.WARD 12","5.BLOCK 5","614.6th Main Road","3rd Cross 2nd Stage J P Nagar"
"960","12.WARD 12","5.BLOCK 5","615.7th Main Road","4th Cross 2nd Stage J P Nagar"
"961","12.WARD 12","5.BLOCK 5","616.8th Main Road","5th Cross 2nd Stage J P Nagar"
"962","12.WARD 12","5.BLOCK 5","617.9th Main Road","6th Cross 2nd Stage J P Nagar"
"963","12.WARD 12","5.BLOCK 5","618.10th Main Road","7th Cross 2nd Stage J P Nagar"
"964","12.WARD 12","5.BLOCK 5","621.11th A Main Road","2nd Cross J P Nagar 'E' Block"
"965","12.WARD 12","5.BLOCK 5","623.12th A Main Road","3rd Cross J P Nagar 'E' Block"
"966","12.WARD 12","5.BLOCK 5","624.13th Main Road","4th Cross J P Nagar 'E' Block"
"967","12.WARD 12","5.BLOCK 5","625.14th Main Road",""
"968","12.WARD 12","5.BLOCK 5","626.14th A Main Road","5th Cross 'E' Block J P Nagar"
"969","12.WARD 12","5.BLOCK 5","627.15th Main Road","7th Main 'E' Block J P Nagar"
"970","12.WARD 12","5.BLOCK 5","628.16th Main Road",""
"971","12.WARD 12","5.BLOCK 5","629.15th A Main Road",""
"972","12.WARD 12","5.BLOCK 5","630.17th Main Road",""
"973","12.WARD 12","5.BLOCK 5","631.17th A Main Road","9th Cross E Block J P Nagar"
"974","12.WARD 12","5.BLOCK 5","632.1st Cross Road","Nachanahalli Kuppaluru 'D' Block 3rd Stage"
"975","12.WARD 12","5.BLOCK 5","633.A Cross Road","11th Main 'E' Block J P Nagar"
"976","12.WARD 12","5.BLOCK 5","634.4th Cross Road","11th Main 'E' Block J P Nagar"
"977","12.WARD 12","5.BLOCK 5","635.2nd Cross Road","12th Main 'E' Block J P Nagar"
"978","12.WARD 12","5.BLOCK 5","636.5th Cross Road","12th Main 'E' Block J P Nagar"
"979","12.WARD 12","5.BLOCK 5","637.3rd Cross Road","1st Cross Khandaya Colony J P Nagar"
"980","12.WARD 12","5.BLOCK 5","638.6th A Cross Road",""
"981","12.WARD 12","5.BLOCK 5","639.6th Cross Road","13th Main 'E' Block J P Nagar"
"982","12.WARD 12","5.BLOCK 5","640.7th Cross Road","14 th Main 'E' Block J P Nagar"
"983","12.WARD 12","5.BLOCK 5","641.8th A Cross Road",""
"984","12.WARD 12","5.BLOCK 5","642.8th Cross Road","15 th main 'E' Block J P Nagar"
"985","12.WARD 12","5.BLOCK 5","643.9th Cross Road",""
"986","12.WARD 12","5.BLOCK 5","644.10th A Cross Road","Nachanahalli Kuppaluru 'D' Block 3rd Stage 'C' Zone"
"987","12.WARD 12","5.BLOCK 5","645.10th Cross Road","Nachanahalli Kupaluru 3rd Stage 'C' Zone"
"988","12.WARD 12","5.BLOCK 5","646.11th A Cross Road","Nachanahalli Kupaluru 3rd Stage 'C' Zone"
"989","12.WARD 12","5.BLOCK 5","647.11th Cross Road","Nachanahalli Kupaluru 3rd Stage 'C' Zone"
"990","12.WARD 12","5.BLOCK 5","648.12th Cross Road","Nachanahalli Kupaluru 3rd Stage 'C' Zone"
"991","12.WARD 12","5.BLOCK 5","649.13th A Cross Road","Nachanahalli Kuppaluru 'D' Block 3rd Stage 'C' Zone"
"992","12.WARD 12","5.BLOCK 5","650.13th Cross Road","20th Main E Block J P Nagar"
"993","12.WARD 12","5.BLOCK 5","652.652",""
"994","12.WARD 12","5.BLOCK 5","760.1st Main Road",""
"995","12.WARD 12","5.BLOCK 5","779.16h Cross Road","10th Main E Block J P Nagar"
"996","12.WARD 12","6.BLOCK 6","35.Sterling Theatre Road","Akkamahadevi Road"
"997","12.WARD 12","6.BLOCK 6","81.G S Rameshwar Road","G S Rameshwar Road"
"998","12.WARD 12","6.BLOCK 6","652.1st Main Road","11th Cross 'E' Block J P Nagar"
"999","12.WARD 12","6.BLOCK 6","653.2nd Main Road","12th Cross 'E' Block J P Nagar"
"1000","12.WARD 12","6.BLOCK 6","654.3rd Main Road","13th Cross 'E' Block J P Nagar"
"1001","12.WARD 12","6.BLOCK 6","655.4th Main Road","14th Cross 'E' Block J P Nagar"
"1002","12.WARD 12","6.BLOCK 6","656.5th Main Road","15th Cross 'E' Block J P Nagar"
"1003","12.WARD 12","6.BLOCK 6","657.1st A Main Road","11th Cross 2nd 'A' Stage J P Nagar"
"1004","12.WARD 12","6.BLOCK 6","658.3rd A Main Road","12th Cross 2nd 'A' Stage J P Nagar"
"1005","12.WARD 12","6.BLOCK 6","659.4th A Main Road","13th Cross 2nd 'A' Stage J P Nagar"
"1006","12.WARD 12","6.BLOCK 6","660.6th Main Road","14th Cross 2nd 'A' Stage J P Nagar"
"1007","12.WARD 12","6.BLOCK 6","661.7th Main Road","15th Cross 2nd Stage J P Nagar"
"1008","12.WARD 12","6.BLOCK 6","662.10th Main Road","15th Cross 2nd Stage J P Nagar"
"1009","12.WARD 12","6.BLOCK 6","663.11th Main Road","16th Cross 2nd Stage J P Nagar"
"1010","12.WARD 12","6.BLOCK 6","664.12th Main Road","17th Cross 2nd Stage J P Nagar"
"1011","12.WARD 12","6.BLOCK 6","665.8th Main Road","18th Cross 2nd Stage J P Nagar"
"1012","12.WARD 12","6.BLOCK 6","666.13th Main Road","18th Cross 2nd Stage J P Nagar"
"1013","12.WARD 12","6.BLOCK 6","667.9th Main Road","19th Cross 2nd Stage J P Nagar"
"1014","12.WARD 12","6.BLOCK 6","668.14th Main Road","19th Cross 2nd Stage J P Nagar"
"1015","12.WARD 12","6.BLOCK 6","669.1st Cross Road","11trh Main 'E' Block J P Nagar"
"1016","12.WARD 12","6.BLOCK 6","670.1st A Cross Road","11th Cross Janatha Badavane J P Nagar"
"1017","12.WARD 12","6.BLOCK 6","671.1st C Cross Road","13th Cross Janatha Badavane J P Nagar"
"1018","12.WARD 12","6.BLOCK 6","674.3rd Cross Road","17th Main Road 'E' Block J P Nagar"
"1019","12.WARD 12","6.BLOCK 6","675.4th Cross Road","20th Main Road 2nd A Stage J P Nagar"
"1020","12.WARD 12","6.BLOCK 6","676.5th Cross Road","21st Main Road 2nd A Stage J P Nagar"
"1021","12.WARD 12","6.BLOCK 6","677.6th Cross Road","22nd Main Road 2nd A Stage"
"1022","12.WARD 12","6.BLOCK 6","678.10th Cross Road","22nd Main 2nd Stage J P Nagar"
"1023","12.WARD 12","6.BLOCK 6","679.7th Cross Road","23rd Main Road 2nd A Stage"
"1024","12.WARD 12","6.BLOCK 6","680.11th Cross Road","23rd Main Road 2nd A Stage J P Nagar"
"1025","12.WARD 12","6.BLOCK 6","681.8th Cross Road","24 th Main Road 2nd 'A' Stage"
"1026","12.WARD 12","6.BLOCK 6","682.12th Cross Road","24th Main Road 2nd Stage J P Nagar"
"1027","12.WARD 12","6.BLOCK 6","683.9th Cross Road","25th Main Road 2nd 'A' Stage"
"1028","12.WARD 12","6.BLOCK 6","684.13th Cross Road","25th Main Road 2nd 'A' Stage J P nagar"
"1029","12.WARD 12","6.BLOCK 6","685.14th Cross Road","26th Main Road J P Nagar 2nd Stage"
"1030","12.WARD 12","6.BLOCK 6","686.15th Cross Road","27th Main Road J P Nagar 2nd Stage"
"1031","12.WARD 12","6.BLOCK 6","687.16th Cross Road","28th Main Road J P Nagar 2nd Stage"
"1032","12.WARD 12","6.BLOCK 6","690.18th Cross Road","29th Main Road J P Nagar 2nd Stage"
"1033","12.WARD 12","6.BLOCK 6","693.14th A Main Road","19th Cross 2nd Stage J P Nagar"
"1034","12.WARD 12","6.BLOCK 6","775.9th A Main Road","19th Cross, Janatha Badavane J P Nagar"
"1035","12.WARD 12","6.BLOCK 6","776.2nd Cross Road","12th Main Road 'E' Block J P Nagar"
"1036","12.WARD 12","6.BLOCK 6","779.17th Cross Road",""
"1037","12.WARD 12","6.BLOCK 6","782.1st B Cross Road","12th Cross Janatha Badavane J P Nagar"
"1038","12.WARD 12","6.BLOCK 6","788.1st D Cross Road","14th Cross Janatha Badavane J P Nagar"
"1039","12.WARD 12","7.BLOCK 7","81.G S Rameshwar Road","G S Rameshwar Road"
"1040","12.WARD 12","7.BLOCK 7","597.597",""
"1041","12.WARD 12","7.BLOCK 7","694.1st Main Road","21st Cross 'D' Block J P Nagar"
"1042","12.WARD 12","7.BLOCK 7","695.1st A Main Road","21st Cross 'D' Block 2nd Stage J P Nagar"
"1043","12.WARD 12","7.BLOCK 7","696.10th Main Road","21st Cross 'D' Block 2nd Stage J P Nagar"
"1044","12.WARD 12","7.BLOCK 7","697.10th A Main Road","Muda Layout Road"
"1045","12.WARD 12","7.BLOCK 7","698.2nd Main Road","22nd Cross 'D' Block 2nd Stage J P Nagar"
"1046","12.WARD 12","7.BLOCK 7","699.3rd Main Road","23rd Cross 'D' Block 2nd Stage J P Nagar"
"1047","12.WARD 12","7.BLOCK 7","700.11th Main Road","22nd Cross 'D' Block 2nd Stage J P Nagar"
"1048","12.WARD 12","7.BLOCK 7","701.11th A Main Road","Muda Layout Road"
"1049","12.WARD 12","7.BLOCK 7","702.11th B Main Road","Muda Layout Road"
"1050","12.WARD 12","7.BLOCK 7","703.11th C Main Road","Muda Layout Road"
"1051","12.WARD 12","7.BLOCK 7","705.5th Main Road","25th Cross 'D' Block 2nd Stage J P Nagar"
"1052","12.WARD 12","7.BLOCK 7","706.6th Main Road","26th Cross 2nd Stage 'D' Block J P Nagar"
"1053","12.WARD 12","7.BLOCK 7","707.6th A Main Road","27th Cross 2nd Stage 'D' Block J P Nagar"
"1054","12.WARD 12","7.BLOCK 7","708.8th Main Road","29th Cross 2nd Stage D Block J P Nagar"
"1055","12.WARD 12","7.BLOCK 7","709.12th Main Road","2nd Main Road Shri Siddhalingeshwara Badavane"
"1056","12.WARD 12","7.BLOCK 7","710.13th Main Road","Main Road Shri Siddhalingeshwara Badavane"
"1057","12.WARD 12","7.BLOCK 7","712.7th Main Road","28th Cross 2nd Stage D Block J P Nagar"
"1058","12.WARD 12","7.BLOCK 7","713.14th Main Road","3rd Main Road Shri Siddhalingeshwara Badavane"
"1059","12.WARD 12","7.BLOCK 7","714.15th Main Road","4th Main Road Shri Siddhalingeshwara Badavane"
"1060","12.WARD 12","7.BLOCK 7","716.17th B Main Road","(Sweepers Colony) Ramabai Nagar 2nd Stage J P Nagar"
"1061","12.WARD 12","7.BLOCK 7","717.17th C Main Road","(Sweepers Colony) Ramabai Nagar 2nd Stage J P Nagar"
"1062","12.WARD 12","7.BLOCK 7","719.17th C Main Road","29th Cross 2nd stage D Block J P Nagar"
"1063","12.WARD 12","7.BLOCK 7","720.9th Main Road","D Block J P Nagar"
"1064","12.WARD 12","7.BLOCK 7","721.18th Main Road","D Block J P Nagar"
"1065","12.WARD 12","7.BLOCK 7","722.1st Cross Road","11th Main 'D' Block J P Nagar"
"1066","12.WARD 12","7.BLOCK 7","723.2nd Cross Road","12th Main 'D' Block J P Nagar"
"1067","12.WARD 12","7.BLOCK 7","724.2nd A Cross Road","12th Main 'D' Block J P Nagar"
"1068","12.WARD 12","7.BLOCK 7","725.2nd B Cross Road","13th Main 'D' Block J P Nagar"
"1069","12.WARD 12","7.BLOCK 7","726.2nd C Cross Road","13th Main 'D' Block J P Nagar"
"1070","12.WARD 12","7.BLOCK 7","727.3rd Cross Road","14th Main 'D' Block J P Nagar"
"1071","12.WARD 12","7.BLOCK 7","728.3rd A Cross Road","14th Main 'D' Block J P Nagar"
"1072","12.WARD 12","7.BLOCK 7","729.4th Cross Road","15th Cross 'D' Block 1st Stage J P Nagar"
"1073","12.WARD 12","7.BLOCK 7","730.5th Cross Road","16th 'A' Cross 'D' Block 1st Stage J P Nagar"
"1074","12.WARD 12","7.BLOCK 7","731.4th A Cross Road","15th Main 'D' Block J P Nagar Mysore"
"1075","12.WARD 12","7.BLOCK 7","732.6th Cross Road","16th Main 'D' Block 1st Stage J P Nagar"
"1076","12.WARD 12","7.BLOCK 7","733.7th Cross Road","17th Main 'D' Block 1st Stage J P Nagar"
"1077","12.WARD 12","7.BLOCK 7","734.8th Cross Road","18th Main 'D' Block 1st Stage J P Nagar"
"1078","12.WARD 12","7.BLOCK 7","735.9th Cross Road","20th Main 'D' Block J P Nagar"
"1079","12.WARD 12","7.BLOCK 7","736.10th Cross Road","21st Main 2nd Stage 'D' Block J P Nagar"
"1080","12.WARD 12","7.BLOCK 7","737.10th A Cross Road","21st Main 2nd Stage D Block J P Nagar"
"1081","12.WARD 12","7.BLOCK 7","738.11th Cross Road","22nd Main 2nd Stage D Block J P Nagar"
"1082","12.WARD 12","7.BLOCK 7","739.11th A Cross Road","22nd Main 2nd Stage D Block J P Nagar"
"1083","12.WARD 12","7.BLOCK 7","740.12th Cross Road","23rd Main 2nd Stage D Block J P Nagar"
"1084","12.WARD 12","7.BLOCK 7","741.13th Cross Road","24th Main 2nd Stage D Block J P Nagar"
"1085","12.WARD 12","7.BLOCK 7","742.14th Cross Road","25th Main 2nd Stage D Block J P Nagar"
"1086","12.WARD 12","7.BLOCK 7","743.15th Cross Road","2nd Cross Shri Siddhalingeshwara Badavane"
"1087","12.WARD 12","7.BLOCK 7","744.16th Cross Road","3rd Cross Shri Siddhalingeshwara Badavane"
"1088","12.WARD 12","7.BLOCK 7","745.16th A Cross Road","3rd A Cross Shri Siddhalingeshwara Badavane"
"1089","12.WARD 12","7.BLOCK 7","746.17th Cross Road","4th A Cross Shri Siddhalingeshwara Badavane"
"1090","12.WARD 12","7.BLOCK 7","747.17th A Cross Road","Shri Sidhalingeshwara Badavane"
"1091","12.WARD 12","7.BLOCK 7","748.18th Cross Road","Shri Sidhalingeshwara Badavane 5th Cross"
"1092","12.WARD 12","7.BLOCK 7","749.18th A Cross Road","Shri Sidhalingeshwara Badavane"
"1093","12.WARD 12","7.BLOCK 7","751.19th Cross Road","Shri Sidhalingeshwara Badavane"
"1094","12.WARD 12","7.BLOCK 7","752.20th Cross Road","Shri Sidhalingeshwara Badavane"
"1095","12.WARD 12","7.BLOCK 7","753.21st Cross Road","Shri Sidhalingeshwara Badavane"
"1096","12.WARD 12","7.BLOCK 7","756.24th Cross Road","Shri Sidhalingeshwara Badavane"
"1097","12.WARD 12","7.BLOCK 7","761.4th Main Road","24th Cross D Block 2nd Stage J P nagar"
"1098","12.WARD 12","7.BLOCK 7","763.16th Main Road","5th Main Shri Siddhalingeshwara Badavane"
"1099","12.WARD 12","7.BLOCK 7","771.771",""
"1100","12.WARD 12","7.BLOCK 7","779.South 17th Cross Road","10th Main D Block J P Nagar"
"1101","13.WARD 13","1.BLOCK 1","1.Manandavadi Road","Manandavadi Road"
"1102","13.WARD 13","1.BLOCK 1","152.Rathna Thetor Road","7th Cross, Ashoka Puram"
"1103","13.WARD 13","1.BLOCK 1","501.1st Cross Road","Rajeev Gandhi Colony Ashokapuram"
"1104","13.WARD 13","1.BLOCK 1","502.2nd Cross Road","Rajeev Gandhi Colony Ashokapuram"
"1105","13.WARD 13","1.BLOCK 1","503.1st Main Road","Rajeev Gandhi Colony Ashokapuram"
"1106","13.WARD 13","1.BLOCK 1","504.2nd Main Road","Rajeev Gandhi Colony Ashokapuram"
"1107","13.WARD 13","1.BLOCK 1","505.4th Cross Road","Rajeev Gandhi Colony Ashokapuram"
"1108","13.WARD 13","1.BLOCK 1","506.3rd Main Road","Rajeev Gandhi Colony Ashokapuram 8th cross"
"1109","13.WARD 13","1.BLOCK 1","507.5th Cross Road","Rajeev Gandhi Colony Ashokapuram"
"1110","13.WARD 13","1.BLOCK 1","565.4th Main Road","Nellur Shead Ashoka Puram"
"1111","13.WARD 13","2.BLOCK 2","1.Manandavadi Road","Manandavadi Road"
"1112","13.WARD 13","2.BLOCK 2","20.Dr B R Ambedkar Road","Ambedkar Road"
"1113","13.WARD 13","2.BLOCK 2","25.Ramaiah Road","Ramaiah Road"
"1114","13.WARD 13","2.BLOCK 2","152.Rathna Theator Road","7th Cross, Ashoka Puram"
"1115","13.WARD 13","2.BLOCK 2","509.West 5th Main Road","Water Tank Road"
"1116","13.WARD 13","2.BLOCK 2","511.1st Cross Road","8th Cross Ashoka Puram"
"1117","13.WARD 13","2.BLOCK 2","512.2nd Cross Road","9th Cross Ashoka Puram"
"1118","13.WARD 13","2.BLOCK 2","513.3rd Cross Road","10th Cross Ashoka Puram"
"1119","13.WARD 13","2.BLOCK 2","514.11th Cross Road","11th Cross Ashoka Puram"
"1120","13.WARD 13","2.BLOCK 2","515.12th Cross Road","12th Cross Ashoka Puram"
"1121","13.WARD 13","2.BLOCK 2","516.Silk Factory Circle Road","Church Road 13th Cross, Ashokapuram"
"1122","13.WARD 13","3.BLOCK 3","20.Ambedkar Road","Ambedkar Road"
"1123","13.WARD 13","3.BLOCK 3","55.Siddhartha Hostal Road","Siddhartha Hospital Road"
"1124","13.WARD 13","3.BLOCK 3","152.Rathna Theator Road","7th Cross, Ashokapuram"
"1125","13.WARD 13","3.BLOCK 3","513.513","10th Cross Ashoka Puram"
"1126","13.WARD 13","3.BLOCK 3","521.1st Cross Road","8th Cross Ashokapuram"
"1127","13.WARD 13","3.BLOCK 3","522.2nd Cross Road","9th Cross Ashokapuram"
"1128","13.WARD 13","3.BLOCK 3","523.3rd Cross Road","10th Cross Ashokapuram"
"1129","13.WARD 13","3.BLOCK 3","524.4th Cross Road","11th Cross Ashokapuram"
"1130","13.WARD 13","3.BLOCK 3","525.5th Cross Road","12th Cross Ashokapuram"
"1131","13.WARD 13","3.BLOCK 3","526.6th Cross Road","13th Cross Church Road Ashokapuram"
"1132","13.WARD 13","3.BLOCK 3","528.1st Main Road","13th Cross Link Road Ashokapuram"
"1133","13.WARD 13","3.BLOCK 3","530.2nd Main Road","13th Cross Ashokapuram"
"1134","13.WARD 13","3.BLOCK 3","531.4th Main Road","2nd Main Ashokapuram Vatappa Road"
"1135","13.WARD 13","3.BLOCK 3","533.6th Main Road","13th Cross link Road"
"1136","13.WARD 13","3.BLOCK 3","535.9th Main Road","3rd Main Road Ashokapuram"
"1137","13.WARD 13","3.BLOCK 3","563.563","18th Cross 2nd Main K. Shivarama Badavane Jayanagara"
"1138","13.WARD 13","4.BLOCK 4","1.Manandavadi Road","Manandavadi Road"
"1139","13.WARD 13","4.BLOCK 4","20.Dr B R Ambedkar Road","Ambedkar Road"
"1140","13.WARD 13","4.BLOCK 4","545.3rd Cross Road","Railway Work Shop Road"
"1141","13.WARD 13","5.BLOCK 5","111.Iskon Temple Road","Gowthama Buddha Road"
"1142","13.WARD 13","5.BLOCK 5","561.1st Main Road","18th Cross 1st Main K. Shivarama Badavane"
"1143","13.WARD 13","5.BLOCK 5","562.2nd Main Road","18th Cross 1st Main K. Shivarama Badavane"
"1144","13.WARD 13","5.BLOCK 5","563.3rd Main Road","18th Cross 2nd Main K. Shivarama Badavane Jayanagara"
"1145","14.WARD 14","1.BLOCK 1","3.J L B Road","J.L.B. Road"
"1146","14.WARD 14","1.BLOCK 1","5.Kantharaja Urs Road","Kantharaja Urs Road"
"1147","14.WARD 14","1.BLOCK 1","20.Dr. B R Ambedkar Road","Dr. B.R. Ambedkar Road"
"1148","14.WARD 14","1.BLOCK 1","25.Ramaaiah Road","Ramaiah Road"
"1149","14.WARD 14","1.BLOCK 1","502.1st Cross Road","2nd Cross Krishnamurthy Puram"
"1150","14.WARD 14","1.BLOCK 1","503.2nd Cross Road","3rd Cross Krishnamurthy Puram"
"1151","14.WARD 14","1.BLOCK 1","504.3rd CrossRoad","5th Cross Krishnamurthy Puram"
"1152","14.WARD 14","1.BLOCK 1","505.3rd Main Road","Sharadavilas Behind Road Krishnamurthy Puram"
"1153","14.WARD 14","1.BLOCK 1","521.521","(Ramaiah Iyer Road) 5th Cross Conservency Ashokapuram"
"1154","14.WARD 14","1.BLOCK 1","527.1st Block South Road","1st Cross K. R. Vanam"
"1155","14.WARD 14","2.BLOCK 2","1.Manandavadi Road","Manandavadi Road"
"1156","14.WARD 14","2.BLOCK 2","20.Dr. B R Ambedkar Road","Dr. B.R. Ambedkar Road"
"1157","14.WARD 14","2.BLOCK 2","25.Ramaaiah Road","Ramaiah Road"
"1158","14.WARD 14","2.BLOCK 2","55.Siddartha Hostel Road","Siddartha Hostel Road (A.P)"
"1159","14.WARD 14","2.BLOCK 2","146.Siddartha School Road","Siddhartha School Road"
"1160","14.WARD 14","2.BLOCK 2","152.CMC To Chitra Mandir Road","7th Cross Road ( Rathna Theater Road)"
"1161","14.WARD 14","2.BLOCK 2","510.1st Cross Road","1st Cross Road Ashoka Puram"
"1162","14.WARD 14","2.BLOCK 2","512.3rd A Cross Road","2nd Cross Road Ashoka Puram"
"1163","14.WARD 14","2.BLOCK 2","514.5th Cross Road","3rd Cross Road Ashoka Puram"
"1164","14.WARD 14","2.BLOCK 2","516.7th Cross Road","4th Cross Road Ashoka Puram"
"1165","14.WARD 14","2.BLOCK 2","517.7th A Cross Road","3rd Cross Road Ashoka Puram"
"1166","14.WARD 14","2.BLOCK 2","518.8th Cross Road","4th Cross Conservancy Ashokapuram"
"1167","14.WARD 14","2.BLOCK 2","519.9th Cross Road","5th Cross Road Ashokapuram"
"1168","14.WARD 14","2.BLOCK 2","520.9th A Cross Road","5th Cross Road Ashokapuram"
"1169","14.WARD 14","2.BLOCK 2","521.10th Cross Road","5th cross Conservancy Ashokapuram"
"1170","14.WARD 14","2.BLOCK 2","522.11th Cross Road","6th Cross Road Ashokapuram"
"1171","14.WARD 14","2.BLOCK 2","524.1st Main Road","1st Main Ashokapuram"
"1172","14.WARD 14","2.BLOCK 2","525.3rd Cross Road","2nd Cross Road Ashokapuram"
"1173","14.WARD 14","2.BLOCK 2","527.1st Block South Road","1st Cross K.R. Vanam"
"1174","14.WARD 14","2.BLOCK 2","528.6th Main Road","Vanitha Sadana School Road Krishnamurthy puram"
"1175","14.WARD 14","2.BLOCK 2","530.1st A Main Road","3rd Cross Conservancy Ashokapuram"
"1176","15.WARD15","1.BLOCK 1","5.Kantharaja Urs Road","Kantharaja Urs Road"
"1177","15.WARD15","1.BLOCK 1","133.New Kantharaja Urs Road","5th Main Jayanagar"
"1178","15.WARD15","1.BLOCK 1","501.1st Main Road","1st Main Road Jayanagar"
"1179","15.WARD15","1.BLOCK 1","502.2nd Main Road","Conservency (1st Main) Jayanagar"
"1180","15.WARD15","1.BLOCK 1","503.3rd Main Road","2nd Main Road Jayanagar"
"1181","15.WARD15","1.BLOCK 1","504.4th Main Road","3rd Main Road Jayanagar"
"1182","15.WARD15","1.BLOCK 1","505.4th A Main Road","3rd Main Road Jayanagar"
"1183","15.WARD15","1.BLOCK 1","506.4th B Main Road","3rd Main (Conservency)"
"1184","15.WARD15","1.BLOCK 1","507.5th Main Road","4th Main Road Jayanagar"
"1185","15.WARD15","1.BLOCK 1","508.6th Main Road","5th Main Road Jayanagar"
"1186","15.WARD15","1.BLOCK 1","509.6th A Main Road","5th Main Road Jayanagar"
"1187","15.WARD15","1.BLOCK 1","526.526",""
"1188","15.WARD15","1.BLOCK 1","528.1st Cross Road","1st Cross Jayanagara"
"1189","15.WARD15","1.BLOCK 1","529.2nd Cross Road","1st Cross Jayanagara"
"1190","15.WARD15","1.BLOCK 1","530.3rd Cross Road","2nd Cross Jayanagara"
"1191","15.WARD15","1.BLOCK 1","531.4th Cross Road","3rd Cross Jayanagara"
"1192","15.WARD15","1.BLOCK 1","532.4th A Cross Road","4th Cross Jayanagara"
"1193","15.WARD15","1.BLOCK 1","533.5th Cross Road","3rd Main Jayanagara"
"1194","15.WARD15","1.BLOCK 1","534.6th Cross Road","3rd Main Conservency 2nd Cross"
"1195","15.WARD15","1.BLOCK 1","535.7th Cross Road","4th Main Jayanagara"
"1196","15.WARD15","1.BLOCK 1","536.7th A Cross Road","2nd Cross Jayanagar"
"1197","15.WARD15","1.BLOCK 1","537.8th Cross Road","5th Main Jayanagar"
"1198","15.WARD15","1.BLOCK 1","538.9th Cross Road","6th Main Jayanagar"
"1199","15.WARD15","1.BLOCK 1","539.10th Cross Road","7th Main Jayanagar"
"1200","15.WARD15","1.BLOCK 1","540.11th Cross Road","4th Cross Jayanagara"
"1201","15.WARD15","1.BLOCK 1","541.12th Cross Road","12th Cross Jayanagar"
"1202","15.WARD15","1.BLOCK 1","542.13th Cross Road","4th Main 6th Cross Jayanagar"
"1203","15.WARD15","1.BLOCK 1","556.556",""
"1204","15.WARD15","1.BLOCK 1","564.564-8C",""
"1205","15.WARD15","1.BLOCK 1","572.15th Cross Road","5th Cross Jayanagar"
"1206","15.WARD15","2.BLOCK 2","511.1st Main Road","1st Main Road Jayanagar"
"1207","15.WARD15","2.BLOCK 2","512.2nd Main Road","Pampapathi Road 5th Cross Jayanagara"
"1208","15.WARD15","2.BLOCK 2","513.3rd Main Road","3rd Main Road Jayanagar"
"1209","15.WARD15","2.BLOCK 2","514.4th Main Road","4th Main Road Jayanagar"
"1210","15.WARD15","2.BLOCK 2","515.5th Main Road","5th Main Road Jayanagar"
"1211","15.WARD15","2.BLOCK 2","516.6th Main Road","5th Main Jayanagar"
"1212","15.WARD15","2.BLOCK 2","517.1st A Main Road","6th Main Jayanagar"
"1213","15.WARD15","2.BLOCK 2","544.1st Cross Road","9th Cross Jayanagar"
"1214","15.WARD15","2.BLOCK 2","572.15th Cross Road","5th cross Jayanagar"
"1215","15.WARD15","2.BLOCK 2","573.2nd Cross Road South","6th Cross jayanagar"
"1216","15.WARD15","3.BLOCK 3","111.Iskcon Temple Road","Gowthama Buddha Road"
"1217","15.WARD15","3.BLOCK 3","513.513","3rd Main Road Jayanagar"
"1218","15.WARD15","3.BLOCK 3","517.1st Main Road","6th Main Road Jayanagar"
"1219","15.WARD15","3.BLOCK 3","519.3rd Main Road","5th Cross Road Jayanagar"
"1220","15.WARD15","3.BLOCK 3","520.4th Main Road","4th Main Road Jayanagar"
"1221","15.WARD15","3.BLOCK 3","521.5th Main Road","5th Cross Road Jayanagar"
"1222","15.WARD15","3.BLOCK 3","522.6th Main Road","5th Main 14th Cross Jayanagar( 12th Cross)"
"1223","15.WARD15","3.BLOCK 3","523.7th Main Road","7th Main Road Jayanagar"
"1224","15.WARD15","3.BLOCK 3","524.7th A Main Road","8th Main Road Jayanagar"
"1225","15.WARD15","3.BLOCK 3","545.1st Cross Road","11th Cross Jayanagar"
"1226","15.WARD15","3.BLOCK 3","546.2nd Cross Road","12th Cross Jayanagar"
"1227","15.WARD15","3.BLOCK 3","547.3rd Cross Road","13th Cross Jayanagar"
"1228","15.WARD15","3.BLOCK 3","549.4th Cross Road","14th Cross Jayanagar"
"1229","15.WARD15","3.BLOCK 3","550.5th Cross Road","15th Cross Jayanagar"
"1230","15.WARD15","3.BLOCK 3","551.6th Cross Road","16th Cross Jayanagar"
"1231","15.WARD15","3.BLOCK 3","552.7th Cross Road","17th Cross Jayanagar"
"1232","15.WARD15","3.BLOCK 3","573.2nd Cross South","10th Cross Jayanagar"
"1233","15.WARD15","3.BLOCK 3","575.575-B3 W6M","8th Main Road Jayanagar"
"1234","15.WARD15","4.BLOCK 4","111.Iskcon Temple Road","Gowthama Buddha Road(Iskon Temple Road)"
"1235","15.WARD15","4.BLOCK 4","515.515","6th Main Road Jayanagar"
"1236","15.WARD15","4.BLOCK 4","525.1st Main Road","Chinnagiri Koppal Conservency"
"1237","15.WARD15","4.BLOCK 4","526.2nd Main Road","Chinnagiri Koppal Conservency"
"1238","15.WARD15","4.BLOCK 4","527.527","Chinnagiri Koppal Jayanagara"
"1239","15.WARD15","4.BLOCK 4","553.1st Cross Road","Jayanagara 6th Cross"
"1240","15.WARD15","4.BLOCK 4","554.1st A Cross Road","Chinnagiri Koppal 7th Cross Conservency Jayanagar"
"1241","15.WARD15","4.BLOCK 4","555.2nd Cross Road","Chinnagiri Koppal 7th Cross Jayanagar"
"1242","15.WARD15","4.BLOCK 4","556.3rd Cross Road","Chinnagiri Koppal 8th Cross Jayanagar"
"1243","15.WARD15","4.BLOCK 4","557.4th Cross Road","Chinnagiri Koppal 9th Cross Jayanagar"
"1244","15.WARD15","4.BLOCK 4","558.4th A Cross Road","Chinnagiri Koppal 9th Cross Conservency Jayanagar"
"1245","15.WARD15","4.BLOCK 4","559.5th Cross Road","Chinnagiri Koppal 8th Main Conservency"
"1246","15.WARD15","4.BLOCK 4","560.5th A Cross Road","Chinnagiri Koppal Conservency (Jayanagara)"
"1247","15.WARD15","4.BLOCK 4","561.5th B Cross Road","Chinnagiri Koppal 10th cross Conservency"
"1248","15.WARD15","4.BLOCK 4","563.6th Cross Road","10th Cross Chinnagiri Koppal Jayanagar"
"1249","15.WARD15","4.BLOCK 4","564.7th Cross Road","Chinnagiri Koppal 12th Cross Jayanagara"
"1250","15.WARD15","4.BLOCK 4","565.8th Cross Road","Chinnagiri Koppal 12th Cross Jayanagara"
"1251","15.WARD15","4.BLOCK 4","566.566-9AC","Chinnagiri Koppal Cross Road"
"1252","15.WARD15","4.BLOCK 4","567.9th Cross Road","Chinnagiri Koppal 12th Cross Jayanagara"
"1253","15.WARD15","4.BLOCK 4","568.10th Cross Road","Chinnagiri Koppal 13th Cross Jayanagara"
"1254","15.WARD15","4.BLOCK 4","570.12th Cross Road","Chinnagiri Koppal Jayanagara"
"1255","15.WARD15","4.BLOCK 4","574.7th Main Road","8th Main Jayanagara"
"1256","15.WARD15","4.BLOCK 4","575.8th Main Road","8th main Jayanagara"
"1257","22.WARD 22","1.BLOCK 1","16.Bogadi road","Bogadi Road"
"1258","22.WARD 22","1.BLOCK 1","19.Vishwamanava Double Road","Vishwamanava Double Road"
"1259","22.WARD 22","1.BLOCK 1","43.Old Kantharaj Urs Road","Old Kantharaj Urs Road"
"1260","22.WARD 22","1.BLOCK 1","501.A Main Road","1st Main 5th Cross Conservency Saraswathi puram"
"1261","22.WARD 22","1.BLOCK 1","502.B Main Road","1st Main Conservency Saraswathipuram"
"1262","22.WARD 22","1.BLOCK 1","503.1st Main Road","1st Main Saraswathipuram"
"1263","22.WARD 22","1.BLOCK 1","504.1st A Main Road","2nd Main Saraswathi Puram"
"1264","22.WARD 22","1.BLOCK 1","505.2nd Main Road","4th Main 5th Cross Saraswathi Puram"
"1265","22.WARD 22","1.BLOCK 1","506.3rd Main Road","5th Main 5th Cross Saraswathi Puram"
"1266","22.WARD 22","1.BLOCK 1","507.4th Main Road","6th Main Saraswathipuram"
"1267","22.WARD 22","1.BLOCK 1","508.5th Main Road","7th Main Saraswathipuram"
"1268","22.WARD 22","1.BLOCK 1","509.6th Main Road","8th Main Saraswathipuram"
"1269","22.WARD 22","1.BLOCK 1","510.7th Main Road","9th Main Saraswathipuram"
"1270","22.WARD 22","1.BLOCK 1","511.8th Main Road","10th Main Saraswathipuram"
"1271","22.WARD 22","1.BLOCK 1","512.9th Main Road","11th Main Saraswathipuram"
"1272","22.WARD 22","1.BLOCK 1","513.10th Main Road","12th Main Saraswathipuram"
"1273","22.WARD 22","1.BLOCK 1","514.11th Main Road","13th Main Saraswathipuram"
"1274","22.WARD 22","1.BLOCK 1","515.12th Main road","14th Main Saraswathipuram"
"1275","22.WARD 22","1.BLOCK 1","516.13th Main Road","15th Main Saraswathipuram"
"1276","22.WARD 22","1.BLOCK 1","517.14th Main Road","16th Main Saraswathipuram"
"1277","22.WARD 22","1.BLOCK 1","518.15th Main Road","17th Main Saraswathipuram"
"1278","22.WARD 22","1.BLOCK 1","519.1st cross Road",""
"1279","22.WARD 22","1.BLOCK 1","521.2nd Cross Road",""
"1280","22.WARD 22","1.BLOCK 1","522.6th Cross Road","5th Cross 1st Main Saraswathipuram"
"1281","22.WARD 22","1.BLOCK 1","524.3rd Cross Road","1st Cross Saraswathipuram Mahabhodi Marga"
"1282","22.WARD 22","1.BLOCK 1","525.3rd A Cross Road","1st Cross Saraswathipuram"
"1283","22.WARD 22","1.BLOCK 1","526.4th Cross Road",""
"1284","22.WARD 22","1.BLOCK 1","527.4th A Cross Road","2nd Cross 1st Main Saraswathipuram"
"1285","22.WARD 22","1.BLOCK 1","528.5th Cross Road","3rd Cross 1st Main saraswathipuram"
"1286","22.WARD 22","1.BLOCK 1","529.5th A Cross Road","4th Cross 1st Main Saraswathipuram"
"1287","22.WARD 22","1.BLOCK 1","558.13th A Cross Road West",""
"1288","22.WARD 22","1.BLOCK 1","559.South 3rd Cross Road",""
"1289","22.WARD 22","2.BLOCK 2","19.Vishvamanava Double Road","Vishwamanava Double Road"
"1290","22.WARD 22","2.BLOCK 2","32.Kamakshi Hospital Road","Kamakshi Hospital Road"
"1291","22.WARD 22","2.BLOCK 2","43.Old Kantha Raj Urs Road","Old Kantharaj Urs Road"
"1292","22.WARD 22","2.BLOCK 2","512.512","11th Main Saraswathipuram"
"1293","22.WARD 22","2.BLOCK 2","513.513","12th Main Saraswathipuram"
"1294","22.WARD 22","2.BLOCK 2","515.515 - 12 M","14th Main Saraswathipuram"
"1295","22.WARD 22","2.BLOCK 2","516.516 - 13 M","15th Main Saraswathipuram"
"1296","22.WARD 22","2.BLOCK 2","522.6th Cross Road","5th Cross 1st Main Saraswathipuram"
"1297","22.WARD 22","2.BLOCK 2","530.A Main Road",""
"1298","22.WARD 22","2.BLOCK 2","531.1st Main Road","1st Main 5th Cross Saraswathipuram"
"1299","22.WARD 22","2.BLOCK 2","532.2nd Main Road","2nd Main 5th Cross Saraswathipuram"
"1300","22.WARD 22","2.BLOCK 2","533.3rd Main Road","3rd Main 5th Cross Saraswathipuram"
"1301","22.WARD 22","2.BLOCK 2","534.4th Main Road","4th Main 5th Cross Saraswathipuram"
"1302","22.WARD 22","2.BLOCK 2","535.5th Main Road","5th Main 5th Cross Saraswathipuram"
"1303","22.WARD 22","2.BLOCK 2","536.6th Main Road","6th Main Saraswathipuram"
"1304","22.WARD 22","2.BLOCK 2","537.7th Main Road","7th Main Saraswathipuram"
"1305","22.WARD 22","2.BLOCK 2","538.8th Main Road","8th Main Saraswathipuram"
"1306","22.WARD 22","2.BLOCK 2","539.9th Main Road","9th Main Saraswathipuram"
"1307","22.WARD 22","2.BLOCK 2","540.10th Main Road","10th Main Saraswathipuram"
"1308","22.WARD 22","2.BLOCK 2","541.11th Main Road","11th Main Saraswathipuram"
"1309","22.WARD 22","2.BLOCK 2","542.12th Main road","12th Main Saraswathipuram"
"1310","22.WARD 22","2.BLOCK 2","543.13th main Road","13th Main Saraswathipuram"
"1311","22.WARD 22","2.BLOCK 2","544.14th Main Road","14th Main Saraswathipuram"
"1312","22.WARD 22","2.BLOCK 2","545.15th Main Road","15th Main Saraswathipuram"
"1313","22.WARD 22","2.BLOCK 2","546.16th Main Road","16th Main Saraswathipuram"
"1314","22.WARD 22","2.BLOCK 2","547.17th Main Road","17th Main Saraswathipuram"
"1315","22.WARD 22","2.BLOCK 2","548.A Cross Road","17th Main 5th Cross Saraswathipuram"
"1316","22.WARD 22","2.BLOCK 2","550.2nd Cross Road","15th Main 7th Cross Saraswathipuram"
"1317","22.WARD 22","2.BLOCK 2","551.2nd A Cross Road","16th Main Main Saraswathipuram"
"1318","22.WARD 22","2.BLOCK 2","559.559 - B1-S6C",""
"1319","22.WARD 22","3.BLOCK 3","16.Bogadi Road","Bogadi Road"
"1320","22.WARD 22","3.BLOCK 3","19.Vishwamanava Double Road","Vishwamanava Double Road"
"1321","22.WARD 22","3.BLOCK 3","552.1st Main Road","1st Main Road Kukarahalli Saraswathipuram"
"1322","22.WARD 22","3.BLOCK 3","553.2nd Main Road","2nd Main Kukarahalli Saraswathipuram"
"1323","22.WARD 22","3.BLOCK 3","554.3rd Main Road","3rd Main Kukarahalli"
"1324","22.WARD 22","3.BLOCK 3","555.4th Main Road","4th Cross Kukarahalli"
"1325","22.WARD 22","3.BLOCK 3","557.2nd Cross Road","1st Main Road Kukarahalli Saraswathipuram"
"1326","22.WARD 22","3.BLOCK 3","558.13th A Cross Road West","2nd Cross 2nd Main Road Kukarahalli Saraswathipuram"
"1327","22.WARD 22","3.BLOCK 3","559.3rd Cross Road","Kukarahalli Main Road"
"1328","22.WARD 22","4.BLOCK 4","8.Vinobha Road","Vinobha Road"
"1329","22.WARD 22","4.BLOCK 4","513.513",""
"1330","23.WARD 23","1.BLOCK 1","3.J.L.B Road","J.L.B. Road"
"1331","23.WARD 23","1.BLOCK 1","75.Krishna Ballawad Road","Krishna Ballavad Road"
"1332","23.WARD 23","1.BLOCK 1","144.Chamaraja Double Road to Court Road","Jayalakshmi Vilas Road Chamarajapuram"
"1333","23.WARD 23","1.BLOCK 1","501.1st Cross Road","Maharaja Hostel Road"
"1334","23.WARD 23","1.BLOCK 1","503.3rd Cross Road","Jayalakshmi Vilas Road Chamaraja puram"
"1335","23.WARD 23","1.BLOCK 1","504.4h Cross Road","Jayalakshmi Vilas Road1st Cross Chamaraja puram"
"1336","23.WARD 23","2.BLOCK 2","5.New Kantharaj Urs Road","New Kantharaja urs Road"
"1337","23.WARD 23","2.BLOCK 2","43.Old Kanthraraj Urs Road","Old Kantharaja Urs Road"
"1338","23.WARD 23","2.BLOCK 2","505.1st Main Road","Pampapathi Road K.G. Koppal Saraswathi Puram"
"1339","23.WARD 23","2.BLOCK 2","506.2nd Main Road","1st Main K.G. Koppal"
"1340","23.WARD 23","2.BLOCK 2","507.2nd A Main Road","1st Cross Pampapathi Road Saraswathipuram"
"1341","23.WARD 23","2.BLOCK 2","508.3rd Main Road","1st Main 7th Cross K.G.Koppal"
"1342","23.WARD 23","2.BLOCK 2","510.5th Main Road","2nd Main K.G. Koppal"
"1343","23.WARD 23","2.BLOCK 2","511.6th Main Road","3rd Main K.G.Koppal"
"1344","23.WARD 23","2.BLOCK 2","513.8th Main Road","6th Main K.G. Koppal"
"1345","23.WARD 23","2.BLOCK 2","515.8th B Main Road","5th Main K.G. Koppal"
"1346","23.WARD 23","2.BLOCK 2","516.1st Cross Road","Fire Briged Road Saraswathi Puram"
"1347","23.WARD 23","2.BLOCK 2","517.2nd Cross Road","1st Main Pampapathi Road Saraswathi Puram"
"1348","23.WARD 23","2.BLOCK 2","519.3rd A Main Road","2nd Main Pampapathi Road Saraswathi Puram"
"1349","23.WARD 23","2.BLOCK 2","521.3rd C Cross Road","3rd Main Pampapathi Road Saraswathi Puram"
"1350","23.WARD 23","2.BLOCK 2","522.3rd D Cross Road","4th Main Pampapathi Road Saraswathi Puram"
"1351","23.WARD 23","2.BLOCK 2","523.4th Cross Road","Railway Gate Road K.G.Koppal"
"1352","23.WARD 23","2.BLOCK 2","524.5th Cross Road","1st Cross Hossa beedi K.G.Koppal"
"1353","23.WARD 23","2.BLOCK 2","525.6th Cross Road","2nd Cross Hossa beedi K.G.Koppal"
"1354","23.WARD 23","2.BLOCK 2","526.7th Cross Road","2nd Cross 2nd Main K.G. Koppal Conservency"
"1355","23.WARD 23","2.BLOCK 2","527.8th Cross Road","3rd Cross K.G.Koppal"
"1356","23.WARD 23","2.BLOCK 2","528.8th A Cross Road","4th Cross K.G.Koppal"
"1357","23.WARD 23","2.BLOCK 2","529.8th B Cross Road","5th Cross K.G.Koppal"
"1358","23.WARD 23","2.BLOCK 2","530.9th Cross Road","4th Cross K.G.Koppal"
"1359","23.WARD 23","2.BLOCK 2","531.9th A Cross Road","5th Cross K.G.Koppal"
"1360","23.WARD 23","2.BLOCK 2","532.10th B Cross Road","5th Cross K.G. Koppal"
"1361","23.WARD 23","2.BLOCK 2","533.10th A Cross Road","4th Cross Conservency K.G. Koppal"
"1362","23.WARD 23","2.BLOCK 2","534.10th Cross Road","4th & 5th Cross Conservency K.G. Koppal"
"1363","23.WARD 23","2.BLOCK 2","535.11th Cross Road","4th & 5th Cross Conservency K.G. Koppal"
"1364","23.WARD 23","2.BLOCK 2","536.12th Cross Road","5th Cross K.G. Koppal"
"1365","23.WARD 23","2.BLOCK 2","537.12th A Cross Road","6th Cross Conservency K.G. Koppal"
"1366","23.WARD 23","2.BLOCK 2","538.13th Cross Road","7th Cross Conservency K.G. Koppal"
"1367","23.WARD 23","3.BLOCK3","5.New Kantharaj Urs Road","New Kantharaj Urs Road"
"1368","23.WARD 23","3.BLOCK3","32.Kamakshi Hospital Road","Kamakshi Hospital Road"
"1369","23.WARD 23","3.BLOCK3","43.Old Kantharaj Urs Road","Old Kantharaj Urs Road"
"1370","23.WARD 23","3.BLOCK3","118.Kamashi Hospital Road to New Kanthraraj Urs Road","4th Main 8th Cross New kantharaj Urs Road"
"1371","23.WARD 23","3.BLOCK3","539.1st Main Road","1st Cross 1st Main New Kantharaj urs Road K.G. Koppal"
"1372","23.WARD 23","3.BLOCK3","540.2nd Main Road","1st Main 8th Cross Kamakshi Hospital Road K.G.Koppal"
"1373","23.WARD 23","3.BLOCK3","541.3rd Main Road","1st Main Kuvempu Road Kamakshi Hospital Road K.G."
"1374","23.WARD 23","3.BLOCK3","543.4th Main Road","2nd Main 9th Cross Saraswathi Puram"
"1375","23.WARD 23","3.BLOCK3","544.4th A Main Road","1st Main 8th Cross K.G. Koppal"
"1376","23.WARD 23","3.BLOCK3","545.A Cross Road","1st Main 2nd Cross Old kantharaj Urs Road K.G Koppal"
"1377","23.WARD 23","3.BLOCK3","546.1st Cross Road","9th Cross 4th Main Saraswathi Puram"
"1378","23.WARD 23","3.BLOCK3","547.2nd Cross Road","1st Main 2nd Cross Old kantharaj Urs Road K.G Koppal"
"1379","23.WARD 23","3.BLOCK3","548.3rd Cross Road","1st Main 2nd Cross Old kantharaj Urs Road K.G Koppal"
"1380","23.WARD 23","3.BLOCK3","550.5th Cross Road","1st Main 1st cross New Kantharaj Urs Road"
"1381","23.WARD 23","3.BLOCK3","551.5th A Cross Road","1st Main 1st Cross K.G. Koppal Old Kantharaj Urs Road Conservency"
"1382","24.WARD 24","1.BLOCK 1","15.Narayana Shasthri Road","Narayana Shasthri Road"
"1383","24.WARD 24","1.BLOCK 1","17.Chamaraja Double Road","Chamaraja Double Road"
"1384","24.WARD 24","1.BLOCK 1","26.Ramavilas Road","Ramavilas Road"
"1385","24.WARD 24","1.BLOCK 1","149.Rama vilas Road To Chamaraja Dubble Road","Cheluvamba Agrahara"
"1386","24.WARD 24","1.BLOCK 1","501.1st Main Road","Venkata ramana Swamy Temple Road"
"1387","24.WARD 24","1.BLOCK 1","502.502 - 2 M","7th Cross, Veenesheshanna Road,5th Cross,Halebandikeri"
"1388","24.WARD 24","1.BLOCK 1","503.2nd Main Road","Oil Mill Galli( Venkataramana Temple Road Galli)"
"1389","24.WARD 24","1.BLOCK 1","504.3rd Main Road","Togari Beedi Hale Bandikeri, Oil Mill Street"
"1390","24.WARD 24","1.BLOCK 1","505.3rd A Main Road","Oil Mill Street"
"1391","24.WARD 24","1.BLOCK 1","506.4th Main Road","6Th Cross, Kshetraiah Road"
"1392","24.WARD 24","1.BLOCK 1","507.4th A Main Road","6th Cross, Kshetraiah Road Galli"
"1393","24.WARD 24","1.BLOCK 1","508.5th Main Road","7th Cross Ramavilas Road"
"1394","24.WARD 24","1.BLOCK 1","509.6th Main Road","Kshetraiah Road Galli"
"1395","24.WARD 24","1.BLOCK 1","510.1st Cross Road","Old Bandi Keri Road"
"1396","24.WARD 24","1.BLOCK 1","511.2nd Cross Road","Oil Mill Road, 4th Cross,Old Bandi Keri"
"1397","24.WARD 24","1.BLOCK 1","512.2nd A Cross Road","Old Bandi Keri( College Road Galli)"
"1398","24.WARD 24","1.BLOCK 1","513.3rd Cross Road","College Road"
"1399","24.WARD 24","1.BLOCK 1","514.4th Cross Road","Veene Sheshanna Road"
"1400","24.WARD 24","1.BLOCK 1","515.5th Cross Road","7th cross, Veenesheshanna Road"
"1401","24.WARD 24","1.BLOCK 1","516.6th Cross Road","7th cross, Veenesheshanna Galli"
"1402","24.WARD 24","1.BLOCK 1","517.7th Cross Road","7th cross, Veenesheshanna Road( Cheluvamba Agrahara)"
"1403","24.WARD 24","2.BLOCK 2","3.Jansi Lakshmibai Road","Jansi Rani Lakshmi bai Road"
"1404","24.WARD 24","2.BLOCK 2","15.Narayana Shashtri Road","Narayana Shasthri Road"
"1405","24.WARD 24","2.BLOCK 2","17.Chamaraja Double Road","Chamaraja Double Road"
"1406","24.WARD 24","2.BLOCK 2","21.D Subbaiah Road","D Subbaiah Road"
"1407","24.WARD 24","2.BLOCK 2","38.Dewans Road","Dewans Road"
"1408","24.WARD 24","2.BLOCK 2","153.Narayana Shasthri Road to D. Subbaiah Road","M S Joyis Road"
"1409","24.WARD 24","2.BLOCK 2","520.3rd Main Road","Kunchatigara Beedi"
"1410","24.WARD 24","2.BLOCK 2","521.2nd A Main Road","Dewans Road Cross"
"1411","24.WARD 24","2.BLOCK 2","522.4th Main Road","Kunchatigara Beedi Galli"
"1412","24.WARD 24","2.BLOCK 2","523.6th Main Road","1st Cross, D Subbaiah Road"
"1413","24.WARD 24","2.BLOCK 2","526.2nd Cross Road","Sonar Beedi"
"1414","24.WARD 24","2.BLOCK 2","528.4th Cross Road","Gollara Beedi"
"1415","24.WARD 24","2.BLOCK 2","529.5th Cross Road","Gollara Beedi Galli"
"1416","24.WARD 24","2.BLOCK 2","530.6th Cross road","Madivalar Beedi"
"1417","24.WARD 24","2.BLOCK 2","531.7th Cross Road","College Road"
"1418","24.WARD 24","2.BLOCK 2","532.7th A Cross Road","D Subbaiah Road 3rd Cross"
"1419","24.WARD 24","2.BLOCK 2","533.7th B Cross Road","D Subbaiah Road 2nd Cross"
"1420","24.WARD 24","2.BLOCK 2","534.8th Cross Road","1C D Subbaiah Road"
"1421","24.WARD 24","2.BLOCK 2","535.9th Cross Road","1C D Subbaiah Road"
"1422","25.WARD 25","1.BLOCK 1","3.J L B Road",".J L B Road"
"1423","25.WARD 25","1.BLOCK 1","11.New Sayyaji Rao Road","New Sayyaji Rao Road"
"1424","25.WARD 25","1.BLOCK 1","15.Narayana Shastri Road","Narayana Shastri Road"
"1425","25.WARD 25","1.BLOCK 1","16.Bogadi Road","Bogadi Road"
"1426","25.WARD 25","1.BLOCK 1","18.D Devaraja Urs Road","D Devaraja Urs Road"
"1427","25.WARD 25","1.BLOCK 1","21.D Subbaiah Road","D Subbaiah Road"
"1428","25.WARD 25","1.BLOCK 1","26.Ramavilas Road","Ramavilas Road"
"1429","25.WARD 25","1.BLOCK 1","28.Shivaram Pete Road","Shivaram Pete Road"
"1430","25.WARD 25","1.BLOCK 1","38.Devanas Road","Devanas Road"
"1431","25.WARD 25","1.BLOCK 1","153.Narayana Shasthri Road to D. Subbaiah Road","D Subbaiah Road"
"1432","25.WARD 25","1.BLOCK 1","502.2nd Main Road","Lands Down Building Road"
"1433","25.WARD 25","1.BLOCK 1","503.3rd Main Road","Old Santhepete Road"
"1434","25.WARD 25","1.BLOCK 1","504.504 - 4M","Desika Road Devaraja Mohalla"
"1435","25.WARD 25","1.BLOCK 1","506.4th A Main Road","Shivaram Pete Road"
"1436","25.WARD 25","1.BLOCK 1","507.4th B Main Road","Old Santhepete Road"
"1437","25.WARD 25","1.BLOCK 1","508.4th C Main Road","2nd Cross, Jayaram Pandith Street"
"1438","25.WARD 25","1.BLOCK 1","509.4th D Main Road","2Nd Cross J P Street"
"1439","25.WARD 25","1.BLOCK 1","513.5th A Main Road","2Nd Cross J P Street"
"1440","25.WARD 25","1.BLOCK 1","514.4th G Main Road","Shivaram Pete Cross Road"
"1441","25.WARD 25","1.BLOCK 1","518.518","J p street galli"
"1442","25.WARD 25","1.BLOCK 1","520.6th Main Road","Shivaman Mattada Road"
"1443","25.WARD 25","1.BLOCK 1","521.521","Conservency Road"
"1444","25.WARD 25","1.BLOCK 1","522.6th B Main Road","2Nd Cross, LaxmiVilas Road"
"1445","25.WARD 25","1.BLOCK 1","523.523","Devaraja Urs Cross Road"
"1446","25.WARD 25","1.BLOCK 1","526.6th F Main Road","Devaraja Cross Road"
"1447","25.WARD 25","1.BLOCK 1","527.6th G Main Road","2nd Cross Gangamma Temple Road"
"1448","25.WARD 25","1.BLOCK 1","528.6th H Main Road","Ramavilas Cross Road"
"1449","25.WARD 25","1.BLOCK 1","529.6th I Main Road","Devaraja Urs Cross Road"
"1450","25.WARD 25","1.BLOCK 1","530.6th J Main Road","B K Street Cross Road"
"1451","25.WARD 25","1.BLOCK 1","532.532","Krishna Villas Cross road"
"1452","25.WARD 25","1.BLOCK 1","533.7th B Main Road","Conservency Road"
"1453","25.WARD 25","1.BLOCK 1","535.535","Krishna Villas Cross road"
"1454","25.WARD 25","1.BLOCK 1","536.8th A Main Road","Conservency Road"
"1455","25.WARD 25","1.BLOCK 1","537.537","N S Cross Road"
"1456","25.WARD 25","1.BLOCK 1","539.9th C Main Road","B K Street Cross Road( Devaraj Mohalla)"
"1457","25.WARD 25","1.BLOCK 1","542.2nd A Cross Road","Katappa Garadi Road"
"1458","25.WARD 25","1.BLOCK 1","543.9th E Main Road","B K Street Cross( Lokabiramma Temple Back Side)"
"1459","25.WARD 25","1.BLOCK 1","544.544-BC","Shivaram Pete Cross Road"
"1460","25.WARD 25","1.BLOCK 1","546.1st Cross Road","8th cross, Vinoba Road"
"1461","25.WARD 25","1.BLOCK 1","547.2nd Cross Road","N S Road Cross Road"
"1462","25.WARD 25","1.BLOCK 1","550.3rd Cross Road","N S Cross Road"
"1463","25.WARD 25","1.BLOCK 1","551.4th Cross Road","Devarajurs Road Back side"
"1464","25.WARD 25","1.BLOCK 1","553.6th Cross Road","Thammaiah Mata Road"
"1465","25.WARD 25","1.BLOCK 1","554.6th A Cross Road","2nd Cross Devaraja School Road"
"1466","25.WARD 25","1.BLOCK 1","555.6th B Cross Road","Devaraja urs Back side Road"
"1467","25.WARD 25","1.BLOCK 1","556.556","Old Shivaram Pette Road"
"1468","25.WARD 25","1.BLOCK 1","557.557","Old Shivaram Pette Road"
"1469","25.WARD 25","1.BLOCK 1","558.558","Conservency Road"
"1470","25.WARD 25","1.BLOCK 1","559.9th D Main Road","Devaraja Urs Cross Road"
"1471","25.WARD 25","1.BLOCK 1","560.7th Cross Road","B K Street Devaraj Mohalla"
"1472","25.WARD 25","1.BLOCK 1","561.561","B K Street Conservency"
"1473","25.WARD 25","1.BLOCK 1","562.7th B Cross Road","Ramakrishna Street Devaraja Mohalla"
"1474","25.WARD 25","1.BLOCK 1","563.8th Cross Road","Krishna Villas Road"
"1475","25.WARD 25","1.BLOCK 1","564.564","Krishna Villas Cross Road"
"1476","25.WARD 25","1.BLOCK 1","565.9th Cross Road","Lakshmi Vilas Road"
"1477","25.WARD 25","1.BLOCK 1","566.9th A Cross Road","Behinad Rama Vilas Road"
"1478","25.WARD 25","1.BLOCK 1","571.3rd A Cross Road","Boti Bazzar Road"
"1479","25.WARD 25","1.BLOCK 1","572.572","Conservency Road"
"1480","25.WARD 25","1.BLOCK 1","573.Lakshmi vilas Road","lakshmi Vilas Road 1st Cross"
"1481","25.WARD 25","2.BLOCK 2","3.Bogadi Main Road","Bogadi Main Road"
"1482","25.WARD 25","2.BLOCK 2","8.Vinoba Road","Vinoba Road"
"1483","25.WARD 25","2.BLOCK 2","16.A Main Road","Bogadi Main Road"
"1484","25.WARD 25","2.BLOCK 2","570.57","Conservency Road"
"1485","26.WARD 26","1.BLOCK 1","14.Irwin Road","Irwin Road"
"1486","26.WARD 26","1.BLOCK 1","22.Danvanthri Road","Dhanvanthri Road"
"1487","26.WARD 26","1.BLOCK 1","28.Shivarampete Main Road","Shivarampete Main Road"
"1488","26.WARD 26","1.BLOCK 1","69.Naryana Shastri North Road","Naryana Shastri North Road"
"1489","26.WARD 26","1.BLOCK 1","84.Vinoba Road","Vinoba Road"
"1490","26.WARD 26","1.BLOCK 1","85.Sayyaji Rao Road","Sayyaji Rao Road"
"1491","26.WARD 26","1.BLOCK 1","501.1st Main road","Aane Sarot Beedi"
"1492","26.WARD 26","1.BLOCK 1","502.2nd Main Road","1st Cross Seebaiah Road ( D M )"
"1493","26.WARD 26","1.BLOCK 1","505.3rd A Main Road","Conservency Road"
"1494","26.WARD 26","1.BLOCK 1","506.3rd B Main Road","Seebaiah Road Cross"
"1495","26.WARD 26","1.BLOCK 1","508.4th Main Road","3rd North Cross, Shivaram Pete"
"1496","26.WARD 26","1.BLOCK 1","509.509","Seebaiah Road 1st Cross"
"1497","26.WARD 26","1.BLOCK 1","510.51","Aane Saroot Road Behind Mannars Market ( D M )"
"1498","26.WARD 26","1.BLOCK 1","511.5th Main Road","Dhanavanthri Cross Road"
"1499","26.WARD 26","1.BLOCK 1","512.512","Seebaiah Cross Road"
"1500","26.WARD 26","1.BLOCK 1","513.513","Conservency Road"
"1501","26.WARD 26","1.BLOCK 1","514.514","kotwal Ramaiah G+G Cross Road"
"1502","26.WARD 26","1.BLOCK 1","515.6th A Main Road","Durgamba Temple Road"
"1503","26.WARD 26","1.BLOCK 1","516.5th A Cross Road","Concervency Galli"
"1504","26.WARD 26","1.BLOCK 1","517.6th Cross Road","Seebaiah Road Cross"
"1505","26.WARD 26","1.BLOCK 1","518.518-7AM","Conservency Road"
"1506","26.WARD 26","1.BLOCK 1","519.7th A Main Road","Seebaiah Cross Road"
"1507","26.WARD 26","1.BLOCK 1","520.8th Main Road","Rajkamal Talkies Road"
"1508","26.WARD 26","1.BLOCK 1","521.9th Main Road","Rajkamal Talkies Road"
"1509","26.WARD 26","1.BLOCK 1","522.10thj Main Road","Rajkamal Talkies Conservency Road"
"1510","26.WARD 26","1.BLOCK 1","523.11th Main Rod","Kothwal Ramaiah Cross Road"
"1511","26.WARD 26","1.BLOCK 1","524.12th Main Road","Bapu Subbarao Road Shivaram pete"
"1512","26.WARD 26","1.BLOCK 1","525.525","Conservency Road"
"1513","26.WARD 26","1.BLOCK 1","526.13th Main Road","Conservency Road"
"1514","26.WARD 26","1.BLOCK 1","527.12th B Main Road","Dhanvanthri Cross Road"
"1515","26.WARD 26","1.BLOCK 1","528.15th Main Road","Kothwal Ramaiah Cross Road"
"1516","26.WARD 26","1.BLOCK 1","529.16th Main Road","Kothwal Ramaiah 4th Cross"
"1517","26.WARD 26","1.BLOCK 1","531.16th B Main Road","Concervency Galli"
"1518","26.WARD 26","1.BLOCK 1","532.16th C Main Road","Kothwal Ramaiah Road 2nd Cross"
"1519","26.WARD 26","1.BLOCK 1","533.16DM-533","Conservency Road"
"1520","26.WARD 26","1.BLOCK 1","534.17th Main Road","Kothwal Ramaiah Road 2nd Cross"
"1521","26.WARD 26","1.BLOCK 1","535.535-17am","Kothwal Ramaiah Road 1st Cross"
"1522","26.WARD 26","1.BLOCK 1","536.19th Main Road","Dewans Road"
"1523","26.WARD 26","1.BLOCK 1","537.A Cross road","Conservency Road"
"1524","26.WARD 26","1.BLOCK 1","538.B Cross Road","Conservency Road"
"1525","26.WARD 26","1.BLOCK 1","539.C Cross Road","Conservency Road"
"1526","26.WARD 26","1.BLOCK 1","540.1st Cross Road","3rd North Cross, Vinoba Road, Shivaram Pete"
"1527","26.WARD 26","1.BLOCK 1","541.1st A Cross road","Narayana Shastri Road 1st Cross"
"1528","26.WARD 26","1.BLOCK 1","542.1st B Cross Road","Conservency Road"
"1529","26.WARD 26","1.BLOCK 1","543.1st C Cross Road","Dewans 5th Crooss Road ( North)"
"1530","26.WARD 26","1.BLOCK 1","545.1st E Cross Road","Conservency"
"1531","26.WARD 26","1.BLOCK 1","546.2nd Cross Road","Kotwal Ramaiah"
"1532","26.WARD 26","1.BLOCK 1","547.2nd A Cross Road","N S Road Cross Road"
"1533","26.WARD 26","1.BLOCK 1","548.3rd Cross Road","Seebaiah Road Devaraja Mohalla"
"1534","26.WARD 26","1.BLOCK 1","549.3rd A Cross Road","Conservency Road"
"1535","26.WARD 26","1.BLOCK 1","550.4th Cross Road","Seebaiah Road"
"1536","26.WARD 26","1.BLOCK 1","551.4th A Cross Road","Concervency"
"1537","26.WARD 26","1.BLOCK 1","552.4th B Cross Road","Dhanvanthri Road Cross Road"
"1538","26.WARD 26","1.BLOCK 1","553.5th Cross Road","Aane Sarot Cross Road"
"1539","26.WARD 26","1.BLOCK 1","556.5th C Cross Road","Conservency"
"1540","26.WARD 26","1.BLOCK 1","558.558",""
"1541","26.WARD 26","2.BLOCK 2","8.Vinoba Road","Vinoba road"
"1542","26.WARD 26","2.BLOCK 2","10.K R S Road","K R S Road"
"1543","26.WARD 26","2.BLOCK 2","12.Kalidas Road","Kalidas Road"
"1544","26.WARD 26","2.BLOCK 2","117.Valmiki Road","Valmiki Road"
"1545","26.WARD 26","2.BLOCK 2","558.1st Cross Road","Guru Residency Road"
"1546","27.WARD 27","1.BLOCK 1","9.Ashoka Road","Ashoka Road"
"1547","27.WARD 27","1.BLOCK 1","41.Kalamma Temple Road","Kalamma Temple Road"
"1548","27.WARD 27","1.BLOCK 1","65.K.R Hospital Road","K R Hospetal"
"1549","27.WARD 27","1.BLOCK 1","501.1st Main Road","1st Cross Soji Street"
"1550","27.WARD 27","1.BLOCK 1","502.2nd Main Road","4th West Cross Ashoka Road"
"1551","27.WARD 27","1.BLOCK 1","503.3rd Main Road","2nd Cross Umatakies Road( Kumbarageri)"
"1552","27.WARD 27","1.BLOCK 1","504.4th Main Road","2nd Cross Soj Street"
"1553","27.WARD 27","1.BLOCK 1","506.5th Main Road","Umatakies Road ( Lashkar Mohalla)"
"1554","27.WARD 27","1.BLOCK 1","507.507","Ashoka Road 5th West Cross Kumbarageri"
"1555","27.WARD 27","1.BLOCK 1","508.508","Umatakies Road ( Lashkar Mohalla)"
"1556","27.WARD 27","1.BLOCK 1","509.7th Main Road","Ustad Papaiah Road (Kumbarageri)"
"1557","27.WARD 27","1.BLOCK 1","510.8th Main Road","Siddappaji Temple Road 5th West Ashoka Road"
"1558","27.WARD 27","1.BLOCK 1","511.9th Main Road","4th west Cross Ashoka Road"
"1559","27.WARD 27","1.BLOCK 1","512.10th Main Road","7th Cross K R Hospitel Road"
"1560","27.WARD 27","1.BLOCK 1","513.10th A Main Road","M C O Bank Back Road Laskar Mohalla"
"1561","27.WARD 27","1.BLOCK 1","515.11th A Main Road","Old Bank Road 1st Cross Kumbarageri"
"1562","27.WARD 27","1.BLOCK 1","517.11th B Main Road","5th Cross K R Hospital Road"
"1563","27.WARD 27","1.BLOCK 1","518.11th C Main Road","5th Cross K R Hospital Road"
"1564","27.WARD 27","1.BLOCK 1","519.12nd Main Road","K R Hospital Road Chandrapalace back side Lashkar Mohalla"
"1565","27.WARD 27","1.BLOCK 1","520.1st Cross Road","Chandragupta Road"
"1566","27.WARD 27","1.BLOCK 1","521.2nd Cross Road","Soji Street"
"1567","27.WARD 27","1.BLOCK 1","524.4th Cross Road","1st Cross Opposite Uma Theater Kumbarageri"
"1568","27.WARD 27","1.BLOCK 1","525.4th A Cross Road","Soji Street 3rd West Cross Ashoka Road"
"1569","27.WARD 27","1.BLOCK 1","526.4th B Cross Road","2nd Cross Siddappaji Temple Road Kumbarageri"
"1570","27.WARD 27","1.BLOCK 1","527.527","4th West Cross Ashoka Road (soji street)"
"1571","27.WARD 27","1.BLOCK 1","528.528","Uma Theater Road 5th West Cross Kumbarageri"
"1572","27.WARD 27","1.BLOCK 1","529.5th B Cross Road","2nd Cross Uma Theater Road"
"1573","27.WARD 27","1.BLOCK 1","530.53","Ashoka Road 5th West Cross"
"1574","27.WARD 27","1.BLOCK 1","531.7th Cross Road","Uma Theater Road 3rd Cross kumbarageri"
"1575","27.WARD 27","1.BLOCK 1","532.7th A Cross Road","7th Cross K R Hospital Road"
"1576","27.WARD 27","1.BLOCK 1","533.7th B Cross Road","5th West Cross K R Hospitel"
"1577","27.WARD 27","1.BLOCK 1","534.8th Cross Road","5th West Cross Ashoka Road Galli"
"1578","27.WARD 27","1.BLOCK 1","583.583","C P C Building Old Gujari Road, Gandhi Square"
"1579","27.WARD 27","1.BLOCK 1","584.584","Prabha Takies Back Side Road"
"1580","27.WARD 27","1.BLOCK 1","585.585","Gandhi Square Prabha Takies Near"
"1581","27.WARD 27","2.BLOCK 2","41.Kalamma Temple Road","Kalamma Temple Road"
"1582","27.WARD 27","2.BLOCK 2","46.B N Road","B N Road"
"1583","27.WARD 27","2.BLOCK 2","65.K.R Hopital Road","K R Hospitel Road"
"1584","27.WARD 27","2.BLOCK 2","85.Sayyaji Rao Road","Sayyaji Rao Road"
"1585","27.WARD 27","2.BLOCK 2","531.531","Uma Takies Road 3C Kumbarageri"
"1586","27.WARD 27","2.BLOCK 2","536.2nd Main Road","H R Street ( Behind Indra Bhavan)"
"1587","27.WARD 27","2.BLOCK 2","537.1st Main Road","Hanumantharao Street 2nd Main"
"1588","27.WARD 27","2.BLOCK 2","538.3rd Main Road","Noor Alimakhan Road Galli ( Near K T Street)"
"1589","27.WARD 27","2.BLOCK 2","539.3rd A Main Road","3rd Cross Near Sindhi Dharmashala"
"1590","27.WARD 27","2.BLOCK 2","540.4th Main Road","K R Hospetal 3rd Cross Left"
"1591","27.WARD 27","2.BLOCK 2","541.5th Main Road","2C K R Hospital Road Left"
"1592","27.WARD 27","2.BLOCK 2","542.7th Main Road","South 1st Cross K R Hospital"
"1593","27.WARD 27","2.BLOCK 2","543.1st Cross Road","Makkaji Chowka Road"
"1594","27.WARD 27","2.BLOCK 2","547.5th Cross Road","Hanumantha Rao Street 2nd Cross"
"1595","27.WARD 27","2.BLOCK 2","548.6th Cross Road","H R Street Road Cross"
"1596","27.WARD 27","2.BLOCK 2","549.7th Cross Road","K T street Cross Road (Noor Ali Makhan Road)"
"1597","27.WARD 27","2.BLOCK 2","550.7th A Cross Road","B N Street Behind Chamundeswari Takies"
"1598","27.WARD 27","2.BLOCK 2","551.8th Cross Road","Noor Alisha Makhan Street"
"1599","27.WARD 27","2.BLOCK 2","552.9th Cross Road","Gargeshwari Chowk Road"
"1600","27.WARD 27","2.BLOCK 2","553.9th A Cross Road","2nd Cross K R Hospital"
"1601","27.WARD 27","2.BLOCK 2","554.9th B Cross Road","24Cross K R Mohalla south"
"1602","27.WARD 27","2.BLOCK 2","555.10th Cross Road","3rd Cross K R Hospital Left ( K T Street)"
"1603","27.WARD 27","2.BLOCK 2","556.10th A Cross Road","1C&2 Cross K R Hospital Sowth"
"1604","27.WARD 27","2.BLOCK 2","557.11th Cross Road","3rd Cross K R Hospital Left Near Sindhi Dharma Shala"
"1605","27.WARD 27","2.BLOCK 2","568.568","3C k R Hospital road Kumbarageri"
"1606","27.WARD 27","2.BLOCK 2","586.A Main Road","Shambaiah Lane Old Bank Road K T Street"
"1607","27.WARD 27","3.BLOCK 3","9.Ashoka Road","Ashok Road"
"1608","27.WARD 27","3.BLOCK 3","41.Kalamma Temple Road","Kalamma Temple Road"
"1609","27.WARD 27","3.BLOCK 3","65.K.R Hospital Road","K R Hospital Road"
"1610","27.WARD 27","3.BLOCK 3","73.Irwin Road","Irwin Road"
"1611","27.WARD 27","3.BLOCK 3","558.1st Main road","Mandipete K R Hospital garadikeri"
"1612","27.WARD 27","3.BLOCK 3","559.2nd Main Road","3C Garadikeri"
"1613","27.WARD 27","3.BLOCK 3","561.3rd Main Road","3C Garadikeri"
"1614","27.WARD 27","3.BLOCK 3","562.4th Main Road","3C Garadikeri"
"1615","27.WARD 27","3.BLOCK 3","563.5th Main Road","3C Garadikeri Laskar Mohalla"
"1616","27.WARD 27","3.BLOCK 3","565.6th A Main Road","1st Main Kurubageri ( K R Hospital Road)"
"1617","27.WARD 27","3.BLOCK 3","566.6th B Main Road","Irwin Road 3C Kurubageri Galli"
"1618","27.WARD 27","3.BLOCK 3","567.6th C Main Road","3C Kurubageri Irwin Road Galli"
"1619","27.WARD 27","3.BLOCK 3","568.7th Main Road","3C K R Hospital Road Kurubageri"
"1620","27.WARD 27","3.BLOCK 3","569.8th Main Road","2nd Cross Kurubageri Irwin Road"
"1621","27.WARD 27","3.BLOCK 3","570.9th Main Road","1st Cross Kurubageri"
"1622","27.WARD 27","3.BLOCK 3","571.10th Main road","1st Cross Irwin Road Kurubageri"
"1623","27.WARD 27","3.BLOCK 3","574.1st Cross Road","Garadikeri 2C"
"1624","27.WARD 27","3.BLOCK 3","575.1st A Cross Road","2C Garadikeri"
"1625","27.WARD 27","3.BLOCK 3","576.2nd Cross Road","Kurubageri 1st Main"
"1626","27.WARD 27","3.BLOCK 3","577.3rd Cross Road","3C Garadikeri"
"1627","27.WARD 27","3.BLOCK 3","578.4th Cross Road","2C Kurubageri K T Street"
"1628","27.WARD 27","3.BLOCK 3","579.9th Cross Road","2C Kurubageri Laskar Mohalla"
"1629","27.WARD 27","3.BLOCK 3","580.6th Cross road","AShoka Road 3 Cross Kuruba Geri"
"1630","28.WARD 28","1.BLOCK 1","6.Old Mysore-Bangalore Road","Bangalore Nilagiri Road"
"1631","28.WARD 28","1.BLOCK 1","9.Ashoka Road","Ashoka Road"
"1632","28.WARD 28","1.BLOCK 1","501.1st Main Road","Behind K S R T C Busstand Halladakeri"
"1633","28.WARD 28","1.BLOCK 1","502.2nd Main Road","3rd Cross Keshava Mejar Road Halladakeri"
"1634","28.WARD 28","1.BLOCK 1","503.2nd A Main Road","Jain Mandir Chandragupta Road Cross"
"1635","28.WARD 28","1.BLOCK 1","504.3rd Main Road","2nd Cross Chandraguptha Road"
"1636","28.WARD 28","1.BLOCK 1","506.8th B Main Road","Concervency"
"1637","28.WARD 28","1.BLOCK 1","507.4th Main Road","1st Cross Hallada keri Chandraguptha Road"
"1638","28.WARD 28","1.BLOCK 1","508.4th A Main Road","G K B S Compound Cross"
"1639","28.WARD 28","1.BLOCK 1","509.5th Main Road","1st Main Halladakeri"
"1640","28.WARD 28","1.BLOCK 1","510.5th A Main Road","Conservency"
"1641","28.WARD 28","1.BLOCK 1","511.6th Main Road","Thirthankara Road Halladakeri"
"1642","28.WARD 28","1.BLOCK 1","512.6th A Main Road","Sri Harsha Road Cross"
"1643","28.WARD 28","1.BLOCK 1","513.6th B Main Road","Hansraj Galli Halladakeri"
"1644","28.WARD 28","1.BLOCK 1","514.6th C Main Road","1st Cross Mahaveer Nagar"
"1645","28.WARD 28","1.BLOCK 1","515.7th Main Road","1st Cross Chandra Guptha Road"
"1646","28.WARD 28","1.BLOCK 1","516.1st Cross Road","Harsha Road"
"1647","28.WARD 28","1.BLOCK 1","517.1st A Cross Raod","Conservency"
"1648","28.WARD 28","1.BLOCK 1","519.1st C Cross Road","Chandraguptha Road"
"1649","28.WARD 28","1.BLOCK 1","520.2nd Cross Road","Chandraguptha Road"
"1650","28.WARD 28","1.BLOCK 1","523.4th Cross Road","G S Road Halladakeri"
"1651","28.WARD 28","1.BLOCK 1","524.4th A Cross Road","Conservency Road 1st Main Mahaveer Nagar"
"1652","28.WARD 28","1.BLOCK 1","525.4th B Cross Road","Conservency Road"
"1653","28.WARD 28","1.BLOCK 1","526.4th C Cross Road","Keshava Iyengar Cross Road"
"1654","28.WARD 28","1.BLOCK 1","527.5th Cross Road","36th East Cross Ashoka Road"
"1655","28.WARD 28","1.BLOCK 1","528.6th Cross Road","1st Cross Mahaveer Nagar"
"1656","28.WARD 28","1.BLOCK 1","531.10th Cross Road","35th East Cross Ashoka Road"
"1657","28.WARD 28","1.BLOCK 1","532.11th Cross Road","East Cross Ashoka Road"
"1658","28.WARD 28","1.BLOCK 1","533.12th Cross Road","Sri Sai Matha Temple Road"
"1659","28.WARD 28","1.BLOCK 1","534.13th Cross Road","Halladakeri Cross Road"
"1660","28.WARD 28","1.BLOCK 1","623.14th Cross Road","Irwin Road"
"1661","28.WARD 28","2.BLOCK 2","6.Bogadi Road","Bangalore Niligiri Road"
"1662","28.WARD 28","2.BLOCK 2","9.Ashoka Road","Ashoka Road"
"1663","28.WARD 28","2.BLOCK 2","41.Kalamma Temple Road","Kalamma Temple Road"
"1664","28.WARD 28","2.BLOCK 2","406.Dawood Khan Road","Dawood Khan Road"
"1665","28.WARD 28","2.BLOCK 2","535.3rd Main Road","Dawood Khan Road 2nd Cross"
"1666","28.WARD 28","2.BLOCK 2","536.4th Main Road","Dawood Khan Road 1st Cross"
"1667","28.WARD 28","2.BLOCK 2","537.5th Main Road","Geetha Mandira Road"
"1668","28.WARD 28","2.BLOCK 2","539.5th C Main Road","Conservency Road"
"1669","28.WARD 28","2.BLOCK 2","540.2nd Cross Road","Conservency Road"
"1670","28.WARD 28","2.BLOCK 2","541.3rd Cross Road","33rd East Cross Road"
"1671","28.WARD 28","2.BLOCK 2","542.4th Cross Road","32nd East Cross Road Lashkar Mohalla"
"1672","28.WARD 28","2.BLOCK 2","544.6th Cross Road","30th East Cross Road Lashkar Mohalla"
"1673","28.WARD 28","2.BLOCK 2","545.7th Cross Road","29th East Cross Road Lashkar Mohalla"
"1674","28.WARD 28","2.BLOCK 2","546.8th Cross Road","Conservency Road"
"1675","28.WARD 28","2.BLOCK 2","560.56",""
"1676","28.WARD 28","2.BLOCK 2","611.1st Cross Road","Ashoka Road East Road Lashkar Mohalla"
"1677","28.WARD 28","2.BLOCK 2","615.1st Main Road","Conservency Road"
"1678","28.WARD 28","2.BLOCK 2","616.2nd Main Road","Dawood Khan Road 3rd Cross"
"1679","28.WARD 28","2.BLOCK 2","623.14th Cross Road","Irwin Road"
"1680","28.WARD 28","3.BLOCK 3","9.Ashoka Road","Ashoka Road"
"1681","28.WARD 28","3.BLOCK 3","41.Kalamma Temple Road","Kalamma Temple Road"
"1682","28.WARD 28","3.BLOCK 3","45.Kabir Road","Kabir Road"
"1683","28.WARD 28","3.BLOCK 3","73.Irwin Road","Irwin Road"
"1684","28.WARD 28","3.BLOCK 3","548.B Main Road","Kabir Road 1st Cross"
"1685","28.WARD 28","3.BLOCK 3","549.1st Main Road","Irwin Road 8th Cross"
"1686","28.WARD 28","3.BLOCK 3","550.3rd Main Road","Irwin Road 6th Cross"
"1687","28.WARD 28","3.BLOCK 3","552.4th Main Road","Kolasandi Beedi 2nd Cross"
"1688","28.WARD 28","3.BLOCK 3","553.5th Main Road","Irwin Road 5th Cross"
"1689","28.WARD 28","3.BLOCK 3","555.5th B Main Road","Kolasandi Beedi Conservency Galli"
"1690","28.WARD 28","3.BLOCK 3","557.6th Main Road","Irwin Road 3rd Cross"
"1691","28.WARD 28","3.BLOCK 3","558.7th Main Road","Irwin Road Conservency"
"1692","28.WARD 28","3.BLOCK 3","559.7th a Main Road","K T Street Cross Road"
"1693","28.WARD 28","3.BLOCK 3","571.2nd C Cross Road","Conservency Road Ashoka Road West Cross"
"1694","28.WARD 28","3.BLOCK 3","598.1st Cross Road","Irwin Road 6th Cross Lashkar Mohalla"
"1695","28.WARD 28","3.BLOCK 3","599.1st A Cross Road","Irwin Cross Road Lashkar Mohalla"
"1696","28.WARD 28","3.BLOCK 3","601.2nd A Cross Road","9th West Cross Ashoka Road"
"1697","28.WARD 28","3.BLOCK 3","602.2nd B Cross Road","Koladasandi Beedi 5th Cross Irwin Road"
"1698","28.WARD 28","3.BLOCK 3","603.3rd Cross Road","10th west Cross Ashoka Road"
"1699","28.WARD 28","3.BLOCK 3","604.4th Cross Road","Koladasandi Beedi 2nd Cross (11th west Cross Ashoka Road)"
"1700","28.WARD 28","3.BLOCK 3","605.5th Cross Road","Kasaba Gopala Road Irwin Road Cross"
"1701","28.WARD 28","3.BLOCK 3","606.6th Cross Road","Koladasandi Beedi"
"1702","28.WARD 28","3.BLOCK 3","607.6th A Cross Road","Kabir Road Conservency Galli"
"1703","28.WARD 28","3.BLOCK 3","618.2nd Main Road","7th Cross Irwin Road"
"1704","28.WARD 28","3.BLOCK 3","625.C Main Road","Irwin Road Conservency(M.D.C.C Bank ) Back Side"
"1705","28.WARD 28","3.BLOCK 3","627.5th C Main Road","Koladasandi Beedi Conservency Galli"
"1706","28.WARD 28","3.BLOCK 3","700.Lashkar Mohalla.","Kabir Road Cross Kolasandi Beedi"
"1707","28.WARD 28","4.BLOCK 4","9.Ashoka Road","Ashoka Road"
"1708","28.WARD 28","4.BLOCK 4","41.Kalamma Temple Road","Kalamma Temple Road"
"1709","28.WARD 28","4.BLOCK 4","45.Kabir Road","Kabir Road"
"1710","28.WARD 28","4.BLOCK 4","47.Akbar Road","Akbar Road"
"1711","28.WARD 28","4.BLOCK 4","532.562 - 3 M",""
"1712","28.WARD 28","4.BLOCK 4","560.1st B Main Road","Srirama Mandira Road Chikkavakkalageri 1st Cross"
"1713","28.WARD 28","4.BLOCK 4","561.2nd Main Road","Chikkavakkalageri 2nd Cross"
"1714","28.WARD 28","4.BLOCK 4","562.3rd Main Road","1st Cross Saif Galli Akbar Road"
"1715","28.WARD 28","4.BLOCK 4","563.4th Main Road","2nd Cross Saif galli Akbar Road"
"1716","28.WARD 28","4.BLOCK 4","566.5th Main Road","8th Cross Akbar Road"
"1717","28.WARD 28","4.BLOCK 4","567.6th Main Road","Chikkavakkalageri Cross Road Lashkar Mohalla"
"1718","28.WARD 28","4.BLOCK 4","568.7th Main Road","Ashoka Road West Cross"
"1719","28.WARD 28","4.BLOCK 4","569.1st Cross Road","Kabir Road Cross Lashkar Mohalla Chikkavakkalageri"
"1720","28.WARD 28","4.BLOCK 4","570.2nd Cross Road","Kabir Road Cross Lashkar Mohalla"
"1721","28.WARD 28","4.BLOCK 4","571.571","Ashoka Road West Cross Conservency Galli"
"1722","28.WARD 28","4.BLOCK 4","572.3rd Cross Road","Chikkavakkalageri 1st Cross"
"1723","28.WARD 28","4.BLOCK 4","574.4th Cross Road","Chikkavakkalageri 2nd Cross"
"1724","28.WARD 28","4.BLOCK 4","576.5th Cross Road","Chikkavakkalageri 3rd Cross"
"1725","28.WARD 28","4.BLOCK 4","577.5th A Cross Road","Chamal mutt 1st Cross Kabir Road"
"1726","28.WARD 28","4.BLOCK 4","578.6th Cross Road","Chikkavakkalageri 4th Cross"
"1727","28.WARD 28","4.BLOCK 4","579.7th Cross Road","13th west Cross Ashoka Road"
"1728","28.WARD 28","4.BLOCK 4","580.8th Cross Road","8th Cross Road Ashoka Road"
"1729","28.WARD 28","4.BLOCK 4","581.8th A Cross Road","8th Cross Road Ashoka Road"
"1730","28.WARD 28","5.BLOCK 5","9.Ashoka Road","Ashoka Road"
"1731","28.WARD 28","5.BLOCK 5","41.Kalamma Temple Road","Kalamma Temple Road"
"1732","28.WARD 28","5.BLOCK 5","47.Akbar Road","Akbar Road"
"1733","28.WARD 28","5.BLOCK 5","150.Urdu School Road","18th West Cross Road Ashoka Road (C.M)"
"1734","28.WARD 28","5.BLOCK 5","561.3rd Main Road","Akbar Road North 6th Cross"
"1735","28.WARD 28","5.BLOCK 5","583.1st Main Road","14th West Cross Ashoka Road Lashkar Mohalla"
"1736","28.WARD 28","5.BLOCK 5","584.2nd Main Road","15th West Cross Lashkar Mohalla"
"1737","28.WARD 28","5.BLOCK 5","586.4th Main Road","4th Cross Akbar Road"
"1738","28.WARD 28","5.BLOCK 5","587.5th Main Road","3rd Cross Akbar Road"
"1739","28.WARD 28","5.BLOCK 5","588.1st A Cross Road","Shiya Masjid 1st Cross"
"1740","28.WARD 28","5.BLOCK 5","589.1st Cross Road","14th West Cross Lashkar Mohalla"
"1741","28.WARD 28","5.BLOCK 5","590.2nd Cross Road","15th Cross Road Lashkar Mohalla"
"1742","28.WARD 28","5.BLOCK 5","591.2nd A Cross Road","Shitiya Masjid Behind Cross Road"
"1743","28.WARD 28","5.BLOCK 5","592.3rd Cross Road","15th West Cross Ashoka Road Lashkar Mohalla"
"1744","28.WARD 28","5.BLOCK 5","593.3rd A Cross Road","16th West Cross Ashoka Road Lashkar Mohalla"
"1745","28.WARD 28","5.BLOCK 5","594.4th Cross Road","Ashoka Road West Cross 17th"
"1746","28.WARD 28","5.BLOCK 5","620.6th Main Road","Bear Ka Makan Cross Road"
"1747","28.WARD 28","5.BLOCK 5","621.7th Main Road","Bear Ka Makan Cross Road"
"1748","28.WARD 28","5.BLOCK 5","622.8th Main Road","Bear Ka Makan 1st Cross South"
"1749","28.WARD 28","5.BLOCK 5","624.5th A Main Road","Akbar Cross Road"
"1750","28.WARD 28","5.BLOCK 5","626.7th A Main Road","Conservency"
"1751","28.WARD 28","5.BLOCK 5","653.9th Main Road","Shiya Masjid Cross Road"
"1752","29.WARD 29","1.BLOCK 1","41.K.T Street",".K.T Street"
"1753","29.WARD 29","1.BLOCK 1","45.Kabir Road","Kabir Road"
"1754","29.WARD 29","1.BLOCK 1","46.Benki Nawaba Road","Benki Nawaba Road"
"1755","29.WARD 29","1.BLOCK 1","65.K.R Hospital Road","K.R Hospital Road"
"1756","29.WARD 29","1.BLOCK 1","79.Irwin Road","Irwin Road"
"1757","29.WARD 29","1.BLOCK 1","85.Sayyaji Rao Road","Sayyaji Rao Road"
"1758","29.WARD 29","1.BLOCK 1","501.2nd A Main Road","K R Hospital Cross Road Doddavakkalageri"
"1759","29.WARD 29","1.BLOCK 1","502.1st A Main Road","2nd Cross Irwin Road Gally"
"1760","29.WARD 29","1.BLOCK 1","503.1st B Main Road","4th Cross Irwin Road Gally"
"1761","29.WARD 29","1.BLOCK 1","504.2nd Main Road","K R Hospital Cross Road Doddavakkalageri"
"1762","29.WARD 29","1.BLOCK 1","505.505","2nd Cross Irwin Road Gally"
"1763","29.WARD 29","1.BLOCK 1","506.2nd B Main Road","Irwin Road 4th Cross Doddavakkalageri"
"1764","29.WARD 29","1.BLOCK 1","507.3rd Main Road","3rd Cross Irwin Road Doddavakkalageri"
"1765","29.WARD 29","1.BLOCK 1","508.508","3rd Cross Irwin Road Gally"
"1766","29.WARD 29","1.BLOCK 1","509.509","3rd Cross Irwin Road Gally"
"1767","29.WARD 29","1.BLOCK 1","510.51","3rd Cross Irwin Road Gally Doddavakkalageri"
"1768","29.WARD 29","1.BLOCK 1","513.4th Main Road","K R Hospital Cross Road Doddavakkalageri"
"1769","29.WARD 29","1.BLOCK 1","514.514","2nd Cross Irwin Road gally Doddavakkalageri"
"1770","29.WARD 29","1.BLOCK 1","515.515","3rd Cross Irwin Road Gally Doddavakkalageri"
"1771","29.WARD 29","1.BLOCK 1","516.516","2C Irwin road galli"
"1772","29.WARD 29","1.BLOCK 1","518.A Cross Road","Manchammana Temple Road dodda Vokkalgeri"
"1773","29.WARD 29","1.BLOCK 1","519.1st Cross road","2nd Cross Manchammana Temple, Dodda vokkalageri"
"1774","29.WARD 29","1.BLOCK 1","520.1st A Cross Road","3rd Cross, Irwin Road Galli"
"1775","29.WARD 29","1.BLOCK 1","522.2nd Cross Road","2nd Cross, Dodda Vokkalageri"
"1776","29.WARD 29","1.BLOCK 1","524.3rd Cross Road","3rd Cross, Dodda Vokkalageri"
"1777","29.WARD 29","1.BLOCK 1","525.4th Cross Road","4th Cross, Dodda Vokkalageri"
"1778","29.WARD 29","2.BLOCK 2","41.K.T Street","K T Street"
"1779","29.WARD 29","2.BLOCK 2","42.Mission Hospital Road","Mission Hospital Road"
"1780","29.WARD 29","2.BLOCK 2","45.Kabir Road","Kabir Road"
"1781","29.WARD 29","2.BLOCK 2","46.Benki Nawab Road","Benki Nawab Road"
"1782","29.WARD 29","2.BLOCK 2","47.Akbar Road","Akbar Road"
"1783","29.WARD 29","2.BLOCK 2","79.Irwin Road","Irwin Road"
"1784","29.WARD 29","2.BLOCK 2","85.Sayyaji Rao Road","Sayyaji Rao Road"
"1785","29.WARD 29","2.BLOCK 2","526.A Main Road","K T Street 2nd Cross"
"1786","29.WARD 29","2.BLOCK 2","527.B Main Road","K T Street Galli"
"1787","29.WARD 29","2.BLOCK 2","528.1st A Main Road","Kamatageri 1st Cross Galli"
"1788","29.WARD 29","2.BLOCK 2","529.2nd B Main Road","Chamundeswari Temple Road, kamatageri"
"1789","29.WARD 29","2.BLOCK 2","530.2nd Main Road","Irwin Road Cross Road"
"1790","29.WARD 29","2.BLOCK 2","531.531-2 A M","1st Cross Kamatageri"
"1791","29.WARD 29","2.BLOCK 2","532.3rd Main Road","2C Kamatageri yaalakkappachari Road (2C Irwin road)"
"1792","29.WARD 29","2.BLOCK 2","533.3rd A Main Road","Adaviswamy Galli ( B N Street Cross)"
"1793","29.WARD 29","2.BLOCK 2","534.534-3 B M","2C Kamatageri"
"1794","29.WARD 29","2.BLOCK 2","535.3rd C Main Road","Kamatageri 1st Main"
"1795","29.WARD 29","2.BLOCK 2","536.4th Main Road","Adaviswamy Cross Road ( Irwin Road Cross)"
"1796","29.WARD 29","2.BLOCK 2","537.537- 4 A M","Adavaswamy Cross Road (Irwin road)"
"1797","29.WARD 29","2.BLOCK 2","538.538-5AM","Benki Nawab Street 1st Cross"
"1798","29.WARD 29","2.BLOCK 2","539.6th Main Road","Irwin Road 2nd Cross"
"1799","29.WARD 29","2.BLOCK 2","540.6th A Main Road","Irwin Road 2nd Cross"
"1800","29.WARD 29","2.BLOCK 2","541.7th Main Road","Irwin Road 1st Cross"
"1801","29.WARD 29","2.BLOCK 2","542.7th A Main Road","Sarkasi Road Kabir Road Cross"
"1802","29.WARD 29","2.BLOCK 2","543.7th B Main Road","3rd Cross Sarkajigalli"
"1803","29.WARD 29","2.BLOCK 2","544.7th C Main Road","3rd Cross Kabir Road"
"1804","29.WARD 29","2.BLOCK 2","545.7th D Main Road","Kabir Road 2nd Cross Road"
"1805","29.WARD 29","2.BLOCK 2","546.7th E Main Road","4th Cross Kabir Road Mandi Mohalla"
"1806","29.WARD 29","2.BLOCK 2","547.7th F Main Road","1st Cross Kabir Roadgalli"
"1807","29.WARD 29","2.BLOCK 2","548.A Cross Road","Irwin Road 2nd Cross"
"1808","29.WARD 29","2.BLOCK 2","549.1st Cross Road","Benki Navab Cross Road Mandi Mohalla"
"1809","29.WARD 29","2.BLOCK 2","550.1st A Cross Road","K T Street Cross Road"
"1810","29.WARD 29","2.BLOCK 2","551.2nd Cross Road","Benki Navab Cross Road 1st Cross"
"1811","29.WARD 29","2.BLOCK 2","552.2nd A Cross Road","2nd Cross Irwin Road"
"1812","29.WARD 29","2.BLOCK 2","553.2nd B Cross Road","Chowdeshwari Temple Road Kamatageri"
"1813","29.WARD 29","2.BLOCK 2","554.3rd Cross Road","Adviswamy galli ( B N Street)"
"1814","29.WARD 29","2.BLOCK 2","555.3rd A Cross Road","Chowdeshwari Temple Road Kamatageri"
"1815","29.WARD 29","2.BLOCK 2","556.4th Cross Road","B N Street 2nd cross"
"1816","29.WARD 29","2.BLOCK 2","557.4th A Cross Road","Chowdeshwari Temple Road Kamatageri"
"1817","29.WARD 29","2.BLOCK 2","558.4th B Cross Road","2nd Cross Kamatagerigalli"
"1818","29.WARD 29","2.BLOCK 2","559.5th Cross Road","Adaviswamy galli B N Street Cross"
"1819","29.WARD 29","2.BLOCK 2","560.6th Cross Road","B N Street 3rd Cross Road"
"1820","29.WARD 29","2.BLOCK 2","561.6th A Cross Road","Kamatageri 2nd Cross Road"
"1821","29.WARD 29","2.BLOCK 2","563.6th C Cross Road","K T Street galli"
"1822","29.WARD 29","2.BLOCK 2","564.7th Cross Road","B N Street 3rd Cross galli"
"1823","29.WARD 29","2.BLOCK 2","565.7th A Cross Road","Kamatageri galli Ramamandira Road"
"1824","29.WARD 29","2.BLOCK 2","566.7th B Cross Road","Ayurveda Hospital galli"
"1825","29.WARD 29","2.BLOCK 2","567.7th C Cross Road","Kamatageri Parashurama Temple Road"
"1826","29.WARD 29","2.BLOCK 2","568.8th Cross Road","Eshwara gudi Main Road (B N Street)"
"1827","29.WARD 29","2.BLOCK 2","569.9th Cross Road","4th Cross B N Street Mandi Mohalla"
"1828","29.WARD 29","2.BLOCK 2","571.9th B Cross Road","4th Cross Sarkaji galli Mandi Mohalla"
"1829","29.WARD 29","2.BLOCK 2","572.572-9CC","1st Cross Kamatageri"
"1830","29.WARD 29","2.BLOCK 2","573.9th D Cross Road","2nd Cross Kamatageri"
"1831","29.WARD 29","2.BLOCK 2","574.7th C Cross Road","Chamundeswari Temple Cross Road, Kamata geri"
"1832","29.WARD 29","2.BLOCK 2","575.10th A Cross Road","B N Street Cross Road Kamatageri"
"1833","29.WARD 29","2.BLOCK 2","576.10th B Cross Road","K T Street 2nd Cross Road"
"1834","29.WARD 29","2.BLOCK 2","577.10th C Cross Road","2nd Main 2nd Cross Kamatageri"
"1835","29.WARD 29","2.BLOCK 2","578.11th Cross Road","B N Street Cross Road Kamatageri"
"1836","29.WARD 29","2.BLOCK 2","580.11th B Cross Road","3rd Cross Sarkaji Road Mandi Mohalla"
"1837","29.WARD 29","2.BLOCK 2","581.11th C Cross Road","B N Street 5th Cross Road"
"1838","29.WARD 29","2.BLOCK 2","583.11th E Cross Road","2nd Cross Sarkaji Road"
"1839","29.WARD 29","2.BLOCK 2","584.11th A Cross Road","3rd K T Street"
"1840","29.WARD 29","2.BLOCK 2","585.11th G Cross Road","2nd Main 3rd Cross kamatageri"
"1841","29.WARD 29","2.BLOCK 2","586.11th H Cross Road","1st Cross Kabir Road"
"1842","29.WARD 29","2.BLOCK 2","587.12th Cross Road","B N Street 5th Cross"
"1843","29.WARD 29","2.BLOCK 2","588.12th A Cross Road","( M K Street) Mohideen Khan Street Mandi Mohalla"
"1844","29.WARD 29","2.BLOCK 2","608.1st Main Road","Irwin Road Cross"
"1845","29.WARD 29","3.BLOCK 3","41.K T Street","K T Street"
"1846","29.WARD 29","3.BLOCK 3","42.Mission Hospital Road","Mission Hospital Road"
"1847","29.WARD 29","3.BLOCK 3","45.Kabir Road","Kabir Road"
"1848","29.WARD 29","3.BLOCK 3","46.B N Street","B N Street"
"1849","29.WARD 29","3.BLOCK 3","47.Akbar Road","Akbar Road"
"1850","29.WARD 29","3.BLOCK 3","522.522","2nd Cross Doddavakkalageri"
"1851","29.WARD 29","3.BLOCK 3","589.1st Main Road","Patavaagar 1st Main Mandimohalla"
"1852","29.WARD 29","3.BLOCK 3","590.1st B Main Road","Patavaagar 1st Main Mandimohalla"
"1853","29.WARD 29","3.BLOCK 3","591.1st A Main Road","Patavaagar 1st Main Mandimohalla"
"1854","29.WARD 29","3.BLOCK 3","592.592","Patavaagar 2nd Main Mandimohalla"
"1855","29.WARD 29","3.BLOCK 3","593.1st D Main Road","Patavaagar 2nd Main Mandimohalla"
"1856","29.WARD 29","3.BLOCK 3","594.2nd Main Road","Patavaagar 2nd Main Mandimohalla"
"1857","29.WARD 29","3.BLOCK 3","595.2nd A Main Road","Patavaagar Beedi"
"1858","29.WARD 29","3.BLOCK 3","596.596","Patavaagar 2rd Main Mandimohalla"
"1859","29.WARD 29","3.BLOCK 3","597.2nd B Main Road","Patavaagar 3rd Main Mandimohalla"
"1860","29.WARD 29","3.BLOCK 3","598.3rd Main Road","Patavaagar 3rd Main Mandimohalla"
"1861","29.WARD 29","3.BLOCK 3","599.3rd A Main Road","Patavagar Lain Concervency Galli"
"1862","29.WARD 29","3.BLOCK 3","600.4th Main Road","Patavagar 4th Main Road"
"1863","29.WARD 29","3.BLOCK 3","601.1st Cross Road","Patavagar Lain 1st Cross"
"1864","29.WARD 29","3.BLOCK 3","602.2nd Cross Road","B N Street Cross road Kamatageri"
"1865","29.WARD 29","3.BLOCK 3","603.2nd ACross Road","Patavagar Lain 3rd Cross"
"1866","29.WARD 29","3.BLOCK 3","604.3rd Cross Road","Patavagar Lain 3rd Cross Mandimohalla"
"1867","29.WARD 29","3.BLOCK 3","605.605","Patavagar Lain 3rd Main Concervency"
"1868","29.WARD 29","3.BLOCK 3","606.3rd B Cross Road","Patavagar Lain 4th Cross Mandimohalla"
"1869","29.WARD 29","3.BLOCK 3","607.4th Cross Road","Patavagar Lain 4th Cross Mandimohalla"
"1870","30.WARD 30","1.BLOCK 1","42.Misssion Hospital Road","Mission Hospital Road"
"1871","30.WARD 30","1.BLOCK 1","45.Kabir Road","Kabir Road"
"1872","30.WARD 30","1.BLOCK 1","46.B.N Street","B N Street"
"1873","30.WARD 30","1.BLOCK 1","47.Akbar Road","Akbar Road"
"1874","30.WARD 30","1.BLOCK 1","502.B Main Road","Uppinakeri 3rd Cross Galli Mandimohalla"
"1875","30.WARD 30","1.BLOCK 1","503.1st Main Road","Uppinakeri 1st Cross Chikkalinga swamy Matha Road Mandimohalla"
"1876","30.WARD 30","1.BLOCK 1","504.2nd Main Cross Road","2nd Cross Uppinakeri Mandimohalla"
"1877","30.WARD 30","1.BLOCK 1","505.3rd Main Road-","1str Main Soppinakeri"
"1878","30.WARD 30","1.BLOCK 1","506.4th Main Road","2nd Main 5th Cross Soppinakeri"
"1879","30.WARD 30","1.BLOCK 1","507.4th A Main Road","2nd Cross Soppinakeri Galli Mandimohalla"
"1880","30.WARD 30","1.BLOCK 1","508.4th B Main road","2nd Cross Soppinakeri Galli"
"1881","30.WARD 30","1.BLOCK 1","509.4th C Main Road","3rd Cross Soppinakeri Mandimohalla"
"1882","30.WARD 30","1.BLOCK 1","510.4th D Main Road","1st Cross Soppinakeri Mandimohalla"
"1883","30.WARD 30","1.BLOCK 1","511.511","2nd Cross Soppinakeri Galli"
"1884","30.WARD 30","1.BLOCK 1","512.512","2nd Cross Soppinakeri Galli"
"1885","30.WARD 30","1.BLOCK 1","514.1st Cross Road","Uppinakeri 1st Cross Mandimohalla"
"1886","30.WARD 30","1.BLOCK 1","515.1st A Cross Road","1st Cross Soppinakeri Galli Mandimohalla"
"1887","30.WARD 30","1.BLOCK 1","516.1st B Cross Road","1st Cross Soppinakeri"
"1888","30.WARD 30","1.BLOCK 1","518.1st D Cross Road","2nd Main 2nd Cross Soppinakeri Galli"
"1889","30.WARD 30","1.BLOCK 1","519.1st E Cross Road","1st Cross Soppinakeri Mandimohalla"
"1890","30.WARD 30","1.BLOCK 1","520.1st F Cross Road","1st Cross Soppinakeri"
"1891","30.WARD 30","1.BLOCK 1","521.2nd Cross Road","Uppinakeri 2nd Cross Mandimohalla"
"1892","30.WARD 30","1.BLOCK 1","522.2nd A Cross Road","3rd Cross Soppinakeri"
"1893","30.WARD 30","1.BLOCK 1","523.3rd Cross Road","3rd Cross Soppinakeri Mandimohalla"
"1894","30.WARD 30","1.BLOCK 1","524.3rd A Cross Road","3rd Cross Soppinakeri Mandimohalla"
"1895","30.WARD 30","1.BLOCK 1","525.4th Cross Road","4th Cross Uppinakeri Mandimohalla"
"1896","30.WARD 30","1.BLOCK 1","526.4th A Cross Road","4th Cross Uppinakeri Mandimohalla"
"1897","30.WARD 30","1.BLOCK 1","527.5th Cross Road","5th Cross Soppinakeri Mandimohalla"
"1898","30.WARD 30","2.BLOCK 2","24.Sawday Road","Sawday Road"
"1899","30.WARD 30","2.BLOCK 2","42.Mission Hospital Road","Mission Hospitel Road"
"1900","30.WARD 30","2.BLOCK 2","46.B.N Street","B N Street Mandimohalla"
"1901","30.WARD 30","2.BLOCK 2","47.Akbar Road","Akbar Road Mandimohalla"
"1902","30.WARD 30","2.BLOCK 2","528.1st Main Road","Turuba Alli Street Near B N Street Mandimohalla"
"1903","30.WARD 30","2.BLOCK 2","529.1st A Main Road","Sawday Road Mandimohalla"
"1904","30.WARD 30","2.BLOCK 2","530.2nd Main Road","Turub Alli Street Mandimohalla"
"1905","30.WARD 30","2.BLOCK 2","532.2nd B Main Road","Turub Alli Street Akbar Road Cross Mandimohalla"
"1906","30.WARD 30","2.BLOCK 2","533.3rd Main Road","Sawday Road 3rd Cross Turub Alli Street"
"1907","30.WARD 30","2.BLOCK 2","534.4th Main Raod","2nd Cross Sawday Road"
"1908","30.WARD 30","2.BLOCK 2","535.5th Main Road","2nd Main 3rd Cross Turub Alli Street Mandimohalla"
"1909","30.WARD 30","2.BLOCK 2","536.6th Main Road","Sawdaay Road Cross Turub Alli Street 4th Cross Mandimohalla"
"1910","30.WARD 30","2.BLOCK 2","537.7th Main road","2nd Cross Turub Alli Street"
"1911","30.WARD 30","2.BLOCK 2","538.A Cross Road","B N Cross Road Mandimohalla"
"1912","30.WARD 30","2.BLOCK 2","539.B Cross Road","B N Cross Road Mandimohalla"
"1913","30.WARD 30","2.BLOCK 2","540.1st Cross Road","Turub Alli Street Akbar Road Cross"
"1914","30.WARD 30","2.BLOCK 2","541.2nd Cross Road","Turub Alli Street Mission Hospital Road"
"1915","30.WARD 30","2.BLOCK 2","543.3rd Cross Road","2nd Cross Turub Alli Street Mandimohalla"
"1916","30.WARD 30","2.BLOCK 2","544.4th Cross Road","2nd Main 3rd Cross Turub Aslli Street"
"1917","30.WARD 30","2.BLOCK 2","545.4th A Cross Road","Turub Alli Street Mission Hospital Road Cross"
"1918","30.WARD 30","2.BLOCK 2","546.5th Cross Road","Turub Alli Street Mandimohalla"
"1919","30.WARD 30","2.BLOCK 2","547.6th Cross Road","B N Road Turub Alli Street Mandimohalla"
"1920","30.WARD 30","2.BLOCK 2","548.7th Cross Road","Turub Alli Street 3rd Cross Galli Mandimohalla"
"1921","30.WARD 30","2.BLOCK 2","549.8th Cross Road","Turub Alli 2nd Cross Mandimohalla"
"1922","30.WARD 30","2.BLOCK 2","550.8th A Cross Road","4th Cross Sawday Road Turub Alli Street"
"1923","30.WARD 30","2.BLOCK 2","551.9th Cross Road","Turub Alli Street 4th Cross Mission Hospital Road Mandimohalla"
"1924","30.WARD 30","3.BLOCK 3","24.Sawday Road","Sawadayn Road Mandimohalla"
"1925","30.WARD 30","3.BLOCK 3","42.Missiion Hospital Road","Mission Hospital Road"
"1926","30.WARD 30","3.BLOCK 3","45.Kabir Road","Kabir Road Mandimohalla"
"1927","30.WARD 30","3.BLOCK 3","47.B.N Street","Akbar Road Mandimohalla"
"1928","30.WARD 30","3.BLOCK 3","85.Sayyaji Rao Road - North","Sayyaji Rao Road Mandimohalla"
"1929","30.WARD 30","3.BLOCK 3","552.1st Main Road","3rd Cross Ratan Singh Street Mandimohalla"
"1930","30.WARD 30","3.BLOCK 3","553.1st A Main Road","3rd Cross Ratan Singh Street"
"1931","30.WARD 30","3.BLOCK 3","554.2nd Main Road","Near Gowadayaihas Garadi Aakbar Road"
"1932","30.WARD 30","3.BLOCK 3","555.3rd Main Road","2nd Main Rathansingh Street Mandimohalla"
"1933","30.WARD 30","3.BLOCK 3","556.4th Main Road","Ole Kuyyobidi Mandimohalla"
"1934","30.WARD 30","3.BLOCK 3","557.5th Main Road","Akbar Road Cross Ratan Singh Street"
"1935","30.WARD 30","3.BLOCK 3","559.6th A Cross Road","Wesly Road 2nd Cross Mandimohalla"
"1936","30.WARD 30","3.BLOCK 3","560.7th Main Road","Wesly Road Mandimohalla"
"1937","30.WARD 30","3.BLOCK 3","561.8th Main Road","2nd Cross Akbar Road ( Vesle Road)"
"1938","30.WARD 30","3.BLOCK 3","562.8th A Main Road","Sawday Road Cross Mandimohalla"
"1939","30.WARD 30","3.BLOCK 3","563.8th B Main Road","Sawday Road Cross Mandimohalla"
"1940","30.WARD 30","3.BLOCK 3","564.1st B Cross Road","3rd Main Ratan Singh Street Galli"
"1941","30.WARD 30","3.BLOCK 3","565.2nd Cross Road","3rd Main Ratan Singh Street Galli"
"1942","30.WARD 30","3.BLOCK 3","566.3rd Cross Road","2nd Cross Ratan Singh Street"
"1943","30.WARD 30","3.BLOCK 3","568.4th Cross Road","2nd Cross Ratan Singh Street"
"1944","30.WARD 30","3.BLOCK 3","569.6th Cross Road","Ole Kuyyo Street Near Goudaiahna garadi Akbar Road"
"1945","30.WARD 30","3.BLOCK 3","570.7th Cross Road","Ole Kuyyo Street Mandimohalla"
"1946","30.WARD 30","3.BLOCK 3","571.7th A Cross Road","Akbar Road Ratan Singh Street ( Vesli Road)"
"1947","30.WARD 30","3.BLOCK 3","572.8th Cross Road","2nd Cross Ole Kuyyo bidi Mandimohalla"
"1948","30.WARD 30","3.BLOCK 3","573.8th A Cross Road","Vesle Road 1st Cross Mandimohalla"
"1949","30.WARD 30","3.BLOCK 3","574.9th Cross Road","Wesly Road 2nd Cross Mandimohalla"
"1950","30.WARD 30","3.BLOCK 3","575.10th Cross Road","Wesly Road 3rd Cross Mandimohalla"
"1951","30.WARD 30","3.BLOCK 3","576.1st Cross Road","3rd Cross Ratan Singh Street Mandimohalla"
"1952","30.WARD 30","3.BLOCK 3","577.1st A Cross Road","3rd Main Ratan Singh Street New Sayyaji Rao Road"
"1953","30.WARD 30","3.BLOCK 3","578.1AC-578","3rd Cross Ratan Singh Street Galli"
"1954","39.WARD 39","1.BLOCK 1","8.Vinobha Road","Vinobha Road"
"1955","39.WARD 39","1.BLOCK 1","57.Aadipampa Road","Aadipampa Road"
"1956","39.WARD 39","1.BLOCK 1","507.5th Main Road","1st Main Vinayaka Nagara"
"1957","39.WARD 39","1.BLOCK 1","508.1st A Main Road","2nd Main Vinayaka Nagar"
"1958","39.WARD 39","1.BLOCK 1","509.2nd Main Road","2nd Main Paduvar halli"
"1959","39.WARD 39","1.BLOCK 1","510.2nd A Main Road","2nd Cross Vinayaka Nagara Paduvarahalli"
"1960","39.WARD 39","1.BLOCK 1","511.3rd Main Road","7th Cross 3rd Main Vinayaka Nagara"
"1961","39.WARD 39","1.BLOCK 1","512.4th Main Road","3rd Main 6th Cross Vinayaka Nagara"
"1962","39.WARD 39","1.BLOCK 1","514.514--8M",""
"1963","39.WARD 39","1.BLOCK 1","539.1st A Cross Road","8th Cross Vinayaka Nagara"
"1964","39.WARD 39","1.BLOCK 1","540.2nd Cross Road","7th Cross Vinayaka Nagara"
"1965","39.WARD 39","1.BLOCK 1","541.3rd Cross Road","6th Cross Vinayaka Nagara"
"1966","39.WARD 39","1.BLOCK 1","543.4th Cross Road","5th Cross 3rd Main Vinayakanagara"
"1967","39.WARD 39","1.BLOCK 1","545.5th Cross Road","3rd Main 5th Cross Vinayaka Nagara"
"1968","39.WARD 39","1.BLOCK 1","546.6th Cross Road","5th Cross Conservency Vinayaka Nagara"
"1969","39.WARD 39","1.BLOCK 1","548.6th A Cross Road","4th Cross Vinayaka Nagara"
"1970","39.WARD 39","1.BLOCK 1","549.6th B Cross Road","4th Main Conservency Vinayaka Nagara"
"1971","39.WARD 39","1.BLOCK 1","550.7th Cross Road","3rd main Conservency 4th Cross Vinayaka Nagara"
"1972","39.WARD 39","1.BLOCK 1","552.8th Cross Road","3rd Cross 5th Main Vinayaka Nagara Paduvarahalli"
"1973","39.WARD 39","1.BLOCK 1","553.9th Cross Road","3rd Main 3rd Cross Vinayaka Nagara Paduvarahalli"
"1974","39.WARD 39","1.BLOCK 1","554.10th Cross Road","1st Cross Vinayaka Nagara"
"1975","39.WARD 39","1.BLOCK 1","555.Temple Road","3rd Cross Vinayaka Nagara Paduvarahalli"
"1976","39.WARD 39","2.BLOCK 2","8.Vinobha Road","Vinobha Road"
"1977","39.WARD 39","2.BLOCK 2","57.Aadipampa Road","Adi Pampa Road"
"1978","39.WARD 39","2.BLOCK 2","58.Temple Road","Temple Road"
"1979","39.WARD 39","2.BLOCK 2","115.Aadichunchanagiri Road","6th Main Vinayaka Nagara Paduvarahalli"
"1980","39.WARD 39","2.BLOCK 2","514.8th Main Road","4th Main Vinayaka Nagara Paduvarahalli"
"1981","39.WARD 39","2.BLOCK 2","516.A Main Road","4th Main Conservency Vinayaka Nagara"
"1982","39.WARD 39","2.BLOCK 2","517.1st Main Road","2nd Cross Vinayaka Nagara"
"1983","39.WARD 39","2.BLOCK 2","518.1st A Main Road","4th Cross Conservency Vinayaka Nagara"
"1984","39.WARD 39","2.BLOCK 2","519.1st B Main Road","3rd Cross Vinayaka Nagara"
"1985","39.WARD 39","2.BLOCK 2","520.1st C Main Road","2nd Cross Vinayaka Nagara"
"1986","39.WARD 39","2.BLOCK 2","521.2nd Main Road","4th Main Conservency Vinayaka Nagara"
"1987","39.WARD 39","2.BLOCK 2","523.2nd B Main Road",""
"1988","39.WARD 39","2.BLOCK 2","524.2nd C Main Road","1st Cross Bhavi Road Conservency"
"1989","39.WARD 39","2.BLOCK 2","526.Vinayaka Nagar.","3rd Cross 5th Main Vinayaka Nagara"
"1990","39.WARD 39","2.BLOCK 2","527.3rd B Main Road","Primary School Road Bhavi Road Conservency"
"1991","39.WARD 39","2.BLOCK 2","528.4th Main Road","2nd Cross 5th Main Paduvarahalli"
"1992","39.WARD 39","2.BLOCK 2","530.4th B Main Road","2nd Cross Conservency Paduvarahalli"
"1993","39.WARD 39","2.BLOCK 2","531.4th C Main Road","1st Cross Rama Mandira Road Vinayaka Nagara"
"1994","39.WARD 39","2.BLOCK 2","532.5th Main Road","7th Cross 6th Main Conservency Vinayaka Nagara"
"1995","39.WARD 39","2.BLOCK 2","533.4th D Main Road","4th Cross Conservency"
"1996","39.WARD 39","2.BLOCK 2","534.5th A Main Road","Conservency"
"1997","39.WARD 39","2.BLOCK 2","535.5th B Main Road","1st Cross Rama Mandira Conservency"
"1998","39.WARD 39","2.BLOCK 2","537.5th C Main Road","6th Main 1st Cross Conservency Vinayaka Nagara"
"1999","39.WARD 39","2.BLOCK 2","556.A Cross Road",""
"2000","39.WARD 39","2.BLOCK 2","557.1st Cross Road","7th Cross Vinayaka Nagara"
"2001","39.WARD 39","2.BLOCK 2","558.1st A Cross Road","1st Main 5th Cross Vinayaka Nagara"
"2002","39.WARD 39","2.BLOCK 2","559.1st B Cross Road","5th Cross 3rd Main Vinayakanagara"
"2003","39.WARD 39","2.BLOCK 2","560.2nd Cross Road","3rd Main 5th Cross Vinayaka Nagara"
"2004","39.WARD 39","2.BLOCK 2","561.2nd A Cross Road","Conservency Cross Vinayaka Nagara"
"2005","39.WARD 39","2.BLOCK 2","562.2nd B Cross Road","Conservency Vinayaka Nagara"
"2006","39.WARD 39","2.BLOCK 2","563.3rd Cross Road","4th Cross Vinayaka Nagara"
"2007","39.WARD 39","2.BLOCK 2","564.3rd A Cross Road","Conservency"
"2008","39.WARD 39","2.BLOCK 2","566.4th Cross Road","Conservency"
"2009","39.WARD 39","2.BLOCK 2","567.5th Cross Road","3rd Cross 5th Main Vinayaka Nagara Paduvarahalli"
"2010","39.WARD 39","2.BLOCK 2","568.6th Cross Road","3rd Main 3rd Cross Vinayaka Nagara Paduvarahalli"
"2011","39.WARD 39","2.BLOCK 2","569.7th Cross Road","1st Cross Vinayaka Nagara"
"2012","39.WARD 39","2.BLOCK 2","570.7th A Cross Road","2nd Cross Vinayaka Nagara"
"2013","39.WARD 39","2.BLOCK 2","571.7th B Cross Road","2nd Cross Vinayaka Nagara"
"2014","39.WARD 39","2.BLOCK 2","574.8th Cross Road",""
"2015","39.WARD 39","2.BLOCK 2","575.9th Cross Road",""
"2016","62.WARD 62","1.BLOCK 1","76.Nazarbad Main Road","Nazarbad Main Road"
"2017","62.WARD 62","1.BLOCK 1","96.Vasanth Mahal Road","Vasanth Mahal Road"
"2018","62.WARD 62","1.BLOCK 1","501.1st Main Road","1st Cross Papa Ram Road Nazarbad"
"2019","62.WARD 62","1.BLOCK 1","503.3rd Main Road","2nd Cross Papa Ram Road Nazarbad"
"2020","62.WARD 62","1.BLOCK 1","505.5th Main Road","3rd Cross papa Ram Road Nazarbad"
"2021","62.WARD 62","1.BLOCK 1","506.6th Main Road","3rd Cross papa Ram Road Nazarbad"
"2022","62.WARD 62","1.BLOCK 1","507.7th Main Road","4th Cross papa Ram Road( Vasanthmahal Road Nazarbad)"
"2023","62.WARD 62","1.BLOCK 1","508.8th Main Road","4th Cross papa Ram Road Nazarbad"
"2024","62.WARD 62","1.BLOCK 1","510.10th Main Road","5th Cross papa Ram Road Nazarbad"
"2025","62.WARD 62","1.BLOCK 1","511.1st Cross Road","1st Cross Papa Ram Road Nazarbad"
"2026","62.WARD 62","1.BLOCK 1","512.1st A Cross Road","Pete beedi Papa Ram Road Nazarbad"
"2027","62.WARD 62","1.BLOCK 1","513.2nd Cross Road","3rd Cross papa Ram Road Nazarbad"
"2028","62.WARD 62","1.BLOCK 1","514.2nd A Cross Road","Papa Ram Road Nazarbad"
"2029","62.WARD 62","1.BLOCK 1","515.3rd Cross Road","Band Banglo Road ( Papa Ram Road ) Nazarbad"
"2030","62.WARD 62","1.BLOCK 1","516.4th Cross Road","5th Cross papa Ram Road Nazarbad"
"2031","62.WARD 62","1.BLOCK 1","517.5th Cross Road","5th Cross papa Ram Road Nazarbad"
"2032","62.WARD 62","1.BLOCK 1","565.6th Cross Road",""
"2033","62.WARD 62","1.BLOCK 1","590.59","Mirza Road"
"2034","62.WARD 62","1.BLOCK 1","593.593",""
"2035","62.WARD 62","1.BLOCK 1","595.595",""
"2036","62.WARD 62","2.BLOCK 2","96.Vasanth Mahal Road","Vasanth Mahal Road Nazarbad"
"2037","62.WARD 62","2.BLOCK 2","225.Maharanaprathap Singh Road","Maharana prathap Sing Road"
"2038","62.WARD 62","2.BLOCK 2","511.511","1st Cross Papa Ram Road Nazarbad"
"2039","62.WARD 62","2.BLOCK 2","519.2nd Main Road","Lokaranjan Mahal Road 2nd Cross Ittigegudu"
"2040","62.WARD 62","2.BLOCK 2","520.3rd Main Road","Arunachala Road Ittigegudu( Lokaranjan Mahal 3rd Cross)"
"2041","62.WARD 62","2.BLOCK 2","522.1st Cross Road","Lokaranjan Mahal Road 4th Cross Ittigegudu"
"2042","62.WARD 62","2.BLOCK 2","523.2nd Cross Road","Lokaranjan Mahal Cross Road Ittigegudu"
"2043","62.WARD 62","2.BLOCK 2","524.3rd Cross Road","Lokaranjan Mahal Cross Road Ittigegudu"
"2044","62.WARD 62","2.BLOCK 2","590.6th Cross Road","Mirza Road"
"2045","62.WARD 62","2.BLOCK 2","591.591- B2S4C","Lokaranjan Mahal Road Ittigegudu"
"2046","62.WARD 62","3.BLOCK 3","526.1st Main Road","Lokaranjan Mahal Road Ittigegudu"
"2047","62.WARD 62","3.BLOCK 3","527.2nd Main Road","Manasara Road Ittigegudu"
"2048","62.WARD 62","3.BLOCK 3","528.3rd Main Road","Subbaraya Naidu Road Ittigegudu"
"2049","62.WARD 62","3.BLOCK 3","529.4th Main Road","Perithambi Beedi Ittigegudu"
"2050","62.WARD 62","3.BLOCK 3","530.4th A Main Road","Marithambi Beedi Ittigegudu"
"2051","62.WARD 62","3.BLOCK 3","531.5th Main Road","Arunachala Road Ittigegudu"
"2052","62.WARD 62","3.BLOCK 3","532.6th Main Road","Kamalgeri 2nd Cross Ittigegudu"
"2053","62.WARD 62","3.BLOCK 3","533.6th A Cross Road","Lingana Cross Ittigegudu"
"2054","62.WARD 62","3.BLOCK 3","534.7th Main Road","Kamalgeri 2nd Cross Indira Nagara Ittigegudu"
"2055","62.WARD 62","3.BLOCK 3","535.7th A Main Road","Linganna Cross Indira Nagara Ittigegudu"
"2056","62.WARD 62","3.BLOCK 3","536.1st Cross Road","Perithambi Beedi Ittigegudu"
"2057","62.WARD 62","3.BLOCK 3","537.2nd Cross Road","Arunachalam Road 1st Cross Ittigegudu"
"2058","62.WARD 62","3.BLOCK 3","538.2nd A Cross Road","Kammalageri Road 1st Cross Ittigegudu"
"2059","62.WARD 62","3.BLOCK 3","540.3rd Cross Road","Bazaar Road Ittigegudu"
"2060","62.WARD 62","3.BLOCK 3","541.4th Cross Road","Basavanna Cross Ittigegudu"
"2061","62.WARD 62","3.BLOCK 3","542.4th A Cross Road","Perithambi Beedi Ittigegudu"
"2062","62.WARD 62","3.BLOCK 3","543.4th B Cross Road","Perithambi Beedi Ittigegudu"
"2063","62.WARD 62","3.BLOCK 3","591.591-B2S4C",""
"2064","62.WARD 62","3.BLOCK 3","592.592 - B 3 55C","Arunachalam Road Tank Bund Road Ittigegudu"
"2065","62.WARD 62","3.BLOCK 3","593.593","Zoo Road Ittigegudu"
"2066","62.WARD 62","4.BLOCK 4","96.Vasanth Mahal Road","Vasanth Mahal Road"
"2067","62.WARD 62","4.BLOCK 4","526.526",""
"2068","62.WARD 62","4.BLOCK 4","547.1st Main Road","Exhibition Back Side Road Indiranagar"
"2069","62.WARD 62","4.BLOCK 4","548.2nd Main Raod","Manasara Road Ittigegudu"
"2070","62.WARD 62","4.BLOCK 4","549.2nd A Main Road","2nd Cross Tank Bund Road Ittigegudu"
"2071","62.WARD 62","4.BLOCK 4","552.2nd D Main Road","Sunnada Kuppaiah Road Ittigegudu"
"2072","62.WARD 62","4.BLOCK 4","553.3rd Main Road","Manasara Cross Road Ittigegudu"
"2073","62.WARD 62","4.BLOCK 4","555.4th Main Road","1st Cross Indira Nagar Ittigegudu"
"2074","62.WARD 62","4.BLOCK 4","556.5th Main Road","Arunachalam Road Ittigegudu"
"2075","62.WARD 62","4.BLOCK 4","557.6th Main Road","Model House Road 2nd Cross Ittigegudu"
"2076","62.WARD 62","4.BLOCK 4","558.7th Main Raod","Model House Road 3rd Cross Ittigegudu"
"2077","62.WARD 62","4.BLOCK 4","559.8th Main Raod","Model House Road 4th Cross Ittigegudu"
"2078","62.WARD 62","4.BLOCK 4","560.Ittigegoodu","Basavanna Road Ittigegudu"
"2079","62.WARD 62","4.BLOCK 4","562.9th Main Road","Manasara Road 4th Cross Indiranagar"
"2080","62.WARD 62","4.BLOCK 4","563.10th Main Road","Manasara Road 5th Cross Indiranagar( Ittigegudu)"
"2081","62.WARD 62","4.BLOCK 4","564.11th Main Road","Manasara Road 6th Cross Indiranagar"
"2082","62.WARD 62","4.BLOCK 4","565.11th A Main Road","7th Cross Manasara Road Indiranagar"
"2083","62.WARD 62","4.BLOCK 4","566.12th Main Road","7th Cross Manasara Road Indiranagar"
"2084","62.WARD 62","4.BLOCK 4","567.13th Main Road","Zoo Garden Road Ittigegudu"
"2085","62.WARD 62","4.BLOCK 4","568.1st Cross Road","Sunnada Kuppaiah Road Conservancy Ittigegudu"
"2086","62.WARD 62","4.BLOCK 4","570.1st B Cross Road","Basavan Road Ittigegudu"
"2087","62.WARD 62","4.BLOCK 4","572.2nd Cross Road","Bhavani Rao Road Ittigegudu"
"2088","62.WARD 62","4.BLOCK 4","573.2nd A Cross Road",""
"2089","62.WARD 62","4.BLOCK 4","574.3rd Cross Road","Garadi Beedi Ittigegudu"
"2090","62.WARD 62","4.BLOCK 4","575.4th Cross Road","1st Cross New Street Ittigegudu"
"2091","62.WARD 62","4.BLOCK 4","576.5th Cross Raod","2nd Cross Ittigegudu"
"2092","62.WARD 62","4.BLOCK 4","577.6th Cross Raod","3rd Cross Ittigegudu"
"2093","62.WARD 62","4.BLOCK 4","578.7th Cross Road","4th Cross Ittigegudu"
"2094","62.WARD 62","4.BLOCK 4","580.8th Cross Road","5th cross New Street Ittigegudu"
"2095","62.WARD 62","4.BLOCK 4","582.1st A Main Road","Manasara Road ( Bye Pass Road) Indira Nagar"
"2096","62.WARD 62","4.BLOCK 4","583.10th Cross Road","1st Cross Tank Bund Road Indiranagar( Ittigegudu)"
"2097","62.WARD 62","4.BLOCK 4","584.11th Cross Road","2nd Cros Indiranagar( Ittigegudu)"
"2098","62.WARD 62","4.BLOCK 4","585.12th Cross Road","5th Cross Indiranagar( Ittigegudu)"
"2099","62.WARD 62","4.BLOCK 4","586.13th Cross Road","4th Cross Indiranagar( Ittigegudu)"
"2100","62.WARD 62","4.BLOCK 4","588.14th Cross Raod","6th Cross Indiranagar( Ittigegudu)"
"2101","62.WARD 62","4.BLOCK 4","592.15th Cross Road","Tank Bund Road Indiranagar"
"2102","62.WARD 62","4.BLOCK 4","594.4th A Main Road","Tank Bund Road 4th Cross Ittigegudu"
"2103","62.WARD 62","4.BLOCK 4","595.16th Cross Road","M.G. Road"
"2104","62.WARD 62","4.BLOCK 4","596.12th A Main Road","Vasanth Mahal Road"
